HCHO reading,Location,Current Date,Next Date
0.000176071,Kandy Proper,1/1/2019,1/2/2019
9.22E-05,Kandy Proper,1/2/2019,1/3/2019
,Kandy Proper,1/3/2019,1/4/2019
0.000190868,Kandy Proper,1/4/2019,1/5/2019
0.000121952,Kandy Proper,1/5/2019,1/6/2019
-6.51E-05,Kandy Proper,1/6/2019,1/7/2019
0.000163238,Kandy Proper,1/7/2019,1/8/2019
-6.74E-05,Kandy Proper,1/8/2019,1/9/2019
0.000127969,Kandy Proper,1/9/2019,1/10/2019
4.55E-05,Kandy Proper,1/10/2019,1/11/2019
3.60E-05,Kandy Proper,1/11/2019,1/12/2019
0.000128663,Kandy Proper,1/12/2019,1/13/2019
,Kandy Proper,1/13/2019,1/14/2019
,Kandy Proper,1/14/2019,1/15/2019
9.64E-05,Kandy Proper,1/15/2019,1/16/2019
,Kandy Proper,1/16/2019,1/17/2019
0.000120097,Kandy Proper,1/17/2019,1/18/2019
-0.000119725,Kandy Proper,1/18/2019,1/19/2019
0.000282526,Kandy Proper,1/19/2019,1/20/2019
7.15E-05,Kandy Proper,1/20/2019,1/21/2019
0.000283374,Kandy Proper,1/21/2019,1/22/2019
0.000265941,Kandy Proper,1/22/2019,1/23/2019
5.86E-05,Kandy Proper,1/23/2019,1/24/2019
-3.94E-06,Kandy Proper,1/24/2019,1/25/2019
0.000109293,Kandy Proper,1/25/2019,1/26/2019
7.04E-05,Kandy Proper,1/26/2019,1/27/2019
0.000164706,Kandy Proper,1/27/2019,1/28/2019
0.000113018,Kandy Proper,1/28/2019,1/29/2019
0.000114127,Kandy Proper,1/29/2019,1/30/2019
-3.00E-05,Kandy Proper,1/30/2019,1/31/2019
1.51E-05,Kandy Proper,1/31/2019,2/1/2019
9.51E-05,Kandy Proper,2/1/2019,2/2/2019
3.07E-05,Kandy Proper,2/2/2019,2/3/2019
,Kandy Proper,2/3/2019,2/4/2019
,Kandy Proper,2/4/2019,2/5/2019
,Kandy Proper,2/5/2019,2/6/2019
3.52E-05,Kandy Proper,2/6/2019,2/7/2019
0.000144733,Kandy Proper,2/7/2019,2/8/2019
7.65E-05,Kandy Proper,2/8/2019,2/9/2019
,Kandy Proper,2/9/2019,2/10/2019
,Kandy Proper,2/10/2019,2/11/2019
6.34E-05,Kandy Proper,2/11/2019,2/12/2019
6.10E-05,Kandy Proper,2/12/2019,2/13/2019
,Kandy Proper,2/13/2019,2/14/2019
,Kandy Proper,2/14/2019,2/15/2019
1.87E-05,Kandy Proper,2/15/2019,2/16/2019
,Kandy Proper,2/16/2019,2/17/2019
0.000152574,Kandy Proper,2/17/2019,2/18/2019
0.000131606,Kandy Proper,2/18/2019,2/19/2019
5.40E-05,Kandy Proper,2/19/2019,2/20/2019
3.13E-05,Kandy Proper,2/20/2019,2/21/2019
-1.98E-06,Kandy Proper,2/21/2019,2/22/2019
0.000114891,Kandy Proper,2/22/2019,2/23/2019
0.000211879,Kandy Proper,2/23/2019,2/24/2019
3.66E-05,Kandy Proper,2/24/2019,2/25/2019
4.49E-05,Kandy Proper,2/25/2019,2/26/2019
,Kandy Proper,2/26/2019,2/27/2019
,Kandy Proper,2/27/2019,2/28/2019
,Kandy Proper,2/28/2019,3/1/2019
,Kandy Proper,3/1/2019,3/2/2019
0.000113649,Kandy Proper,3/2/2019,3/3/2019
0.000112062,Kandy Proper,3/3/2019,3/4/2019
0.000253055,Kandy Proper,3/4/2019,3/5/2019
0.000232665,Kandy Proper,3/5/2019,3/6/2019
0.000128405,Kandy Proper,3/6/2019,3/7/2019
0.000164611,Kandy Proper,3/7/2019,3/8/2019
0.000177512,Kandy Proper,3/8/2019,3/9/2019
,Kandy Proper,3/9/2019,3/10/2019
0.000113804,Kandy Proper,3/10/2019,3/11/2019
0.000163892,Kandy Proper,3/11/2019,3/12/2019
0.000176408,Kandy Proper,3/12/2019,3/13/2019
4.22E-05,Kandy Proper,3/13/2019,3/14/2019
0.000162008,Kandy Proper,3/14/2019,3/15/2019
0.000110414,Kandy Proper,3/15/2019,3/16/2019
0.000198184,Kandy Proper,3/16/2019,3/17/2019
0.000183151,Kandy Proper,3/17/2019,3/18/2019
-4.02E-05,Kandy Proper,3/18/2019,3/19/2019
0.000206753,Kandy Proper,3/19/2019,3/20/2019
0.000147388,Kandy Proper,3/20/2019,3/21/2019
,Kandy Proper,3/21/2019,3/22/2019
0.000179046,Kandy Proper,3/22/2019,3/23/2019
,Kandy Proper,3/23/2019,3/24/2019
0.000247192,Kandy Proper,3/24/2019,3/25/2019
0.000219244,Kandy Proper,3/25/2019,3/26/2019
9.91E-05,Kandy Proper,3/26/2019,3/27/2019
0.000233303,Kandy Proper,3/27/2019,3/28/2019
0.000280242,Kandy Proper,3/28/2019,3/29/2019
0.000358996,Kandy Proper,3/29/2019,3/30/2019
0.000179015,Kandy Proper,3/30/2019,3/31/2019
0.000292723,Kandy Proper,3/31/2019,4/1/2019
0.000309921,Kandy Proper,4/1/2019,4/2/2019
0.000170795,Kandy Proper,4/2/2019,4/3/2019
0.000242771,Kandy Proper,4/3/2019,4/4/2019
0.000233805,Kandy Proper,4/4/2019,4/5/2019
0.000162753,Kandy Proper,4/5/2019,4/6/2019
0.00017252,Kandy Proper,4/6/2019,4/7/2019
0.000270485,Kandy Proper,4/7/2019,4/8/2019
0.000263223,Kandy Proper,4/8/2019,4/9/2019
0.000220327,Kandy Proper,4/9/2019,4/10/2019
,Kandy Proper,4/10/2019,4/11/2019
,Kandy Proper,4/11/2019,4/12/2019
0.000211946,Kandy Proper,4/12/2019,4/13/2019
8.44E-05,Kandy Proper,4/13/2019,4/14/2019
,Kandy Proper,4/14/2019,4/15/2019
,Kandy Proper,4/15/2019,4/16/2019
,Kandy Proper,4/16/2019,4/17/2019
,Kandy Proper,4/17/2019,4/18/2019
0.000136739,Kandy Proper,4/18/2019,4/19/2019
0.000150207,Kandy Proper,4/19/2019,4/20/2019
-0.000214209,Kandy Proper,4/20/2019,4/21/2019
0.000133053,Kandy Proper,4/21/2019,4/22/2019
0.000265266,Kandy Proper,4/22/2019,4/23/2019
0.000189701,Kandy Proper,4/23/2019,4/24/2019
0.0001152,Kandy Proper,4/24/2019,4/25/2019
,Kandy Proper,4/25/2019,4/26/2019
,Kandy Proper,4/26/2019,4/27/2019
,Kandy Proper,4/27/2019,4/28/2019
0.000173881,Kandy Proper,4/28/2019,4/29/2019
,Kandy Proper,4/29/2019,4/30/2019
,Kandy Proper,4/30/2019,5/1/2019
,Kandy Proper,5/1/2019,5/2/2019
,Kandy Proper,5/2/2019,5/3/2019
,Kandy Proper,5/3/2019,5/4/2019
0.000214124,Kandy Proper,5/4/2019,5/5/2019
7.56E-05,Kandy Proper,5/5/2019,5/6/2019
0.000162948,Kandy Proper,5/6/2019,5/7/2019
0.000149201,Kandy Proper,5/7/2019,5/8/2019
0.000165925,Kandy Proper,5/8/2019,5/9/2019
0.000147234,Kandy Proper,5/9/2019,5/10/2019
0.000240621,Kandy Proper,5/10/2019,5/11/2019
0.000177408,Kandy Proper,5/11/2019,5/12/2019
7.85E-05,Kandy Proper,5/12/2019,5/13/2019
8.48E-05,Kandy Proper,5/13/2019,5/14/2019
0.000256593,Kandy Proper,5/14/2019,5/15/2019
0.000108439,Kandy Proper,5/15/2019,5/16/2019
0.000258151,Kandy Proper,5/16/2019,5/17/2019
0.000162673,Kandy Proper,5/17/2019,5/18/2019
0.000131618,Kandy Proper,5/18/2019,5/19/2019
0.000184642,Kandy Proper,5/19/2019,5/20/2019
0.000193141,Kandy Proper,5/20/2019,5/21/2019
0.000108728,Kandy Proper,5/21/2019,5/22/2019
,Kandy Proper,5/22/2019,5/23/2019
0.000328325,Kandy Proper,5/23/2019,5/24/2019
0.000101329,Kandy Proper,5/24/2019,5/25/2019
-1.12E-05,Kandy Proper,5/25/2019,5/26/2019
0.00010027,Kandy Proper,5/26/2019,5/27/2019
0.00019206,Kandy Proper,5/27/2019,5/28/2019
0.00017668,Kandy Proper,5/28/2019,5/29/2019
0.000270799,Kandy Proper,5/29/2019,5/30/2019
0.000267879,Kandy Proper,5/30/2019,5/31/2019
0.000148419,Kandy Proper,5/31/2019,6/1/2019
2.74E-05,Kandy Proper,6/1/2019,6/2/2019
0.00013724,Kandy Proper,6/2/2019,6/3/2019
,Kandy Proper,6/3/2019,6/4/2019
0.000110295,Kandy Proper,6/4/2019,6/5/2019
,Kandy Proper,6/5/2019,6/6/2019
,Kandy Proper,6/6/2019,6/7/2019
,Kandy Proper,6/7/2019,6/8/2019
,Kandy Proper,6/8/2019,6/9/2019
0.000129823,Kandy Proper,6/9/2019,6/10/2019
,Kandy Proper,6/10/2019,6/11/2019
9.30E-05,Kandy Proper,6/11/2019,6/12/2019
,Kandy Proper,6/12/2019,6/13/2019
0.000122775,Kandy Proper,6/13/2019,6/14/2019
,Kandy Proper,6/14/2019,6/15/2019
0.000110979,Kandy Proper,6/15/2019,6/16/2019
8.98E-05,Kandy Proper,6/16/2019,6/17/2019
1.57E-07,Kandy Proper,6/17/2019,6/18/2019
7.38E-05,Kandy Proper,6/18/2019,6/19/2019
0.000113737,Kandy Proper,6/19/2019,6/20/2019
,Kandy Proper,6/20/2019,6/21/2019
,Kandy Proper,6/21/2019,6/22/2019
-7.30E-05,Kandy Proper,6/22/2019,6/23/2019
-3.88E-06,Kandy Proper,6/23/2019,6/24/2019
,Kandy Proper,6/24/2019,6/25/2019
,Kandy Proper,6/25/2019,6/26/2019
2.52E-05,Kandy Proper,6/26/2019,6/27/2019
7.84E-05,Kandy Proper,6/27/2019,6/28/2019
6.98E-05,Kandy Proper,6/28/2019,6/29/2019
8.64E-05,Kandy Proper,6/29/2019,6/30/2019
5.77E-05,Kandy Proper,6/30/2019,7/1/2019
4.85E-05,Kandy Proper,7/1/2019,7/2/2019
7.02E-05,Kandy Proper,7/2/2019,7/3/2019
7.36E-05,Kandy Proper,7/3/2019,7/4/2019
6.85E-05,Kandy Proper,7/4/2019,7/5/2019
0.000126987,Kandy Proper,7/5/2019,7/6/2019
8.12E-05,Kandy Proper,7/6/2019,7/7/2019
0.000107806,Kandy Proper,7/7/2019,7/8/2019
0.000175599,Kandy Proper,7/8/2019,7/9/2019
,Kandy Proper,7/9/2019,7/10/2019
0.000162981,Kandy Proper,7/10/2019,7/11/2019
5.64E-05,Kandy Proper,7/11/2019,7/12/2019
0.000170174,Kandy Proper,7/12/2019,7/13/2019
0.000122417,Kandy Proper,7/13/2019,7/14/2019
8.96E-05,Kandy Proper,7/14/2019,7/15/2019
,Kandy Proper,7/15/2019,7/16/2019
4.53E-05,Kandy Proper,7/16/2019,7/17/2019
,Kandy Proper,7/17/2019,7/18/2019
,Kandy Proper,7/18/2019,7/19/2019
,Kandy Proper,7/19/2019,7/20/2019
,Kandy Proper,7/20/2019,7/21/2019
,Kandy Proper,7/21/2019,7/22/2019
,Kandy Proper,7/22/2019,7/23/2019
4.79E-05,Kandy Proper,7/23/2019,7/24/2019
2.92E-06,Kandy Proper,7/24/2019,7/25/2019
,Kandy Proper,7/25/2019,7/26/2019
,Kandy Proper,7/26/2019,7/27/2019
0.0001363,Kandy Proper,7/27/2019,7/28/2019
0.000141012,Kandy Proper,7/28/2019,7/29/2019
0.000110868,Kandy Proper,7/29/2019,7/30/2019
0.000126974,Kandy Proper,7/30/2019,7/31/2019
,Kandy Proper,7/31/2019,8/1/2019
8.45E-05,Kandy Proper,8/1/2019,8/2/2019
8.56E-05,Kandy Proper,8/2/2019,8/3/2019
0.000162913,Kandy Proper,8/3/2019,8/4/2019
-6.72E-05,Kandy Proper,8/4/2019,8/5/2019
1.37E-05,Kandy Proper,8/5/2019,8/6/2019
,Kandy Proper,8/6/2019,8/7/2019
,Kandy Proper,8/7/2019,8/8/2019
,Kandy Proper,8/8/2019,8/9/2019
,Kandy Proper,8/9/2019,8/10/2019
,Kandy Proper,8/10/2019,8/11/2019
,Kandy Proper,8/11/2019,8/12/2019
,Kandy Proper,8/12/2019,8/13/2019
,Kandy Proper,8/13/2019,8/14/2019
,Kandy Proper,8/14/2019,8/15/2019
0.000127953,Kandy Proper,8/15/2019,8/16/2019
-0.000134146,Kandy Proper,8/16/2019,8/17/2019
,Kandy Proper,8/17/2019,8/18/2019
5.18E-06,Kandy Proper,8/18/2019,8/19/2019
7.34E-05,Kandy Proper,8/19/2019,8/20/2019
9.68E-05,Kandy Proper,8/20/2019,8/21/2019
,Kandy Proper,8/21/2019,8/22/2019
,Kandy Proper,8/22/2019,8/23/2019
,Kandy Proper,8/23/2019,8/24/2019
-9.74E-05,Kandy Proper,8/24/2019,8/25/2019
,Kandy Proper,8/25/2019,8/26/2019
,Kandy Proper,8/26/2019,8/27/2019
,Kandy Proper,8/27/2019,8/28/2019
,Kandy Proper,8/28/2019,8/29/2019
0.000108315,Kandy Proper,8/29/2019,8/30/2019
,Kandy Proper,8/30/2019,8/31/2019
-2.73E-05,Kandy Proper,8/31/2019,9/1/2019
,Kandy Proper,9/1/2019,9/2/2019
0.000103544,Kandy Proper,9/2/2019,9/3/2019
0.000125195,Kandy Proper,9/3/2019,9/4/2019
,Kandy Proper,9/4/2019,9/5/2019
,Kandy Proper,9/5/2019,9/6/2019
,Kandy Proper,9/6/2019,9/7/2019
,Kandy Proper,9/7/2019,9/8/2019
0.000130847,Kandy Proper,9/8/2019,9/9/2019
6.44E-05,Kandy Proper,9/9/2019,9/10/2019
-4.49E-06,Kandy Proper,9/10/2019,9/11/2019
,Kandy Proper,9/11/2019,9/12/2019
3.85E-05,Kandy Proper,9/12/2019,9/13/2019
5.47E-05,Kandy Proper,9/13/2019,9/14/2019
2.71E-05,Kandy Proper,9/14/2019,9/15/2019
,Kandy Proper,9/15/2019,9/16/2019
,Kandy Proper,9/16/2019,9/17/2019
,Kandy Proper,9/17/2019,9/18/2019
,Kandy Proper,9/18/2019,9/19/2019
,Kandy Proper,9/19/2019,9/20/2019
,Kandy Proper,9/20/2019,9/21/2019
-7.11E-05,Kandy Proper,9/21/2019,9/22/2019
,Kandy Proper,9/22/2019,9/23/2019
,Kandy Proper,9/23/2019,9/24/2019
,Kandy Proper,9/24/2019,9/25/2019
,Kandy Proper,9/25/2019,9/26/2019
,Kandy Proper,9/26/2019,9/27/2019
0.000319154,Kandy Proper,9/27/2019,9/28/2019
,Kandy Proper,9/28/2019,9/29/2019
0.000165876,Kandy Proper,9/29/2019,9/30/2019
,Kandy Proper,9/30/2019,10/1/2019
-4.70E-05,Kandy Proper,10/1/2019,10/2/2019
-1.48E-05,Kandy Proper,10/2/2019,10/3/2019
7.28E-05,Kandy Proper,10/3/2019,10/4/2019
0.000135352,Kandy Proper,10/4/2019,10/5/2019
0.000211714,Kandy Proper,10/5/2019,10/6/2019
,Kandy Proper,10/6/2019,10/7/2019
,Kandy Proper,10/7/2019,10/8/2019
0.000259435,Kandy Proper,10/8/2019,10/9/2019
5.50E-05,Kandy Proper,10/9/2019,10/10/2019
0.000184301,Kandy Proper,10/10/2019,10/11/2019
,Kandy Proper,10/11/2019,10/12/2019
-8.12E-06,Kandy Proper,10/12/2019,10/13/2019
0.00016835,Kandy Proper,10/13/2019,10/14/2019
6.31E-05,Kandy Proper,10/14/2019,10/15/2019
7.17E-05,Kandy Proper,10/15/2019,10/16/2019
,Kandy Proper,10/16/2019,10/17/2019
,Kandy Proper,10/17/2019,10/18/2019
-5.45E-05,Kandy Proper,10/18/2019,10/19/2019
6.53E-06,Kandy Proper,10/19/2019,10/20/2019
,Kandy Proper,10/20/2019,10/21/2019
,Kandy Proper,10/21/2019,10/22/2019
,Kandy Proper,10/22/2019,10/23/2019
,Kandy Proper,10/23/2019,10/24/2019
,Kandy Proper,10/24/2019,10/25/2019
0.000128188,Kandy Proper,10/25/2019,10/26/2019
,Kandy Proper,10/26/2019,10/27/2019
,Kandy Proper,10/27/2019,10/28/2019
,Kandy Proper,10/28/2019,10/29/2019
0.000145188,Kandy Proper,10/29/2019,10/30/2019
,Kandy Proper,10/30/2019,10/31/2019
0.000158368,Kandy Proper,10/31/2019,11/1/2019
8.04E-06,Kandy Proper,11/1/2019,11/2/2019
0.00012067,Kandy Proper,11/2/2019,11/3/2019
,Kandy Proper,11/3/2019,11/4/2019
-1.15E-05,Kandy Proper,11/4/2019,11/5/2019
0.000106035,Kandy Proper,11/5/2019,11/6/2019
0.00019426,Kandy Proper,11/6/2019,11/7/2019
0.000121822,Kandy Proper,11/7/2019,11/8/2019
0.000108085,Kandy Proper,11/8/2019,11/9/2019
,Kandy Proper,11/9/2019,11/10/2019
,Kandy Proper,11/10/2019,11/11/2019
,Kandy Proper,11/11/2019,11/12/2019
0.000100782,Kandy Proper,11/12/2019,11/13/2019
0.000151877,Kandy Proper,11/13/2019,11/14/2019
8.00E-05,Kandy Proper,11/14/2019,11/15/2019
-6.18E-06,Kandy Proper,11/15/2019,11/16/2019
,Kandy Proper,11/16/2019,11/17/2019
0.000215709,Kandy Proper,11/17/2019,11/18/2019
,Kandy Proper,11/18/2019,11/19/2019
0.000250872,Kandy Proper,11/19/2019,11/20/2019
7.94E-05,Kandy Proper,11/20/2019,11/21/2019
0.00013185,Kandy Proper,11/21/2019,11/22/2019
,Kandy Proper,11/22/2019,11/23/2019
,Kandy Proper,11/23/2019,11/24/2019
,Kandy Proper,11/24/2019,11/25/2019
,Kandy Proper,11/25/2019,11/26/2019
,Kandy Proper,11/26/2019,11/27/2019
-0.000178888,Kandy Proper,11/27/2019,11/28/2019
,Kandy Proper,11/28/2019,11/29/2019
,Kandy Proper,11/29/2019,11/30/2019
,Kandy Proper,11/30/2019,12/1/2019
,Kandy Proper,12/1/2019,12/2/2019
,Kandy Proper,12/2/2019,12/3/2019
0.000325488,Kandy Proper,12/3/2019,12/4/2019
,Kandy Proper,12/4/2019,12/5/2019
,Kandy Proper,12/5/2019,12/6/2019
0.000113731,Kandy Proper,12/6/2019,12/7/2019
,Kandy Proper,12/7/2019,12/8/2019
5.00E-05,Kandy Proper,12/8/2019,12/9/2019
,Kandy Proper,12/9/2019,12/10/2019
0.000258143,Kandy Proper,12/10/2019,12/11/2019
8.17E-06,Kandy Proper,12/11/2019,12/12/2019
0.000123701,Kandy Proper,12/12/2019,12/13/2019
0.000107973,Kandy Proper,12/13/2019,12/14/2019
9.18E-05,Kandy Proper,12/14/2019,12/15/2019
0.000180621,Kandy Proper,12/15/2019,12/16/2019
0.000331217,Kandy Proper,12/16/2019,12/17/2019
,Kandy Proper,12/17/2019,12/18/2019
,Kandy Proper,12/18/2019,12/19/2019
,Kandy Proper,12/19/2019,12/20/2019
,Kandy Proper,12/20/2019,12/21/2019
1.33E-05,Kandy Proper,12/21/2019,12/22/2019
,Kandy Proper,12/22/2019,12/23/2019
9.87E-05,Kandy Proper,12/23/2019,12/24/2019
3.05E-05,Kandy Proper,12/24/2019,12/25/2019
,Kandy Proper,12/25/2019,12/26/2019
2.92E-05,Kandy Proper,12/26/2019,12/27/2019
4.87E-05,Kandy Proper,12/27/2019,12/28/2019
0.000243574,Kandy Proper,12/28/2019,12/29/2019
0.000168347,Kandy Proper,12/29/2019,12/30/2019
0.000140688,Kandy Proper,12/30/2019,12/31/2019
-1.10E-05,Kandy Proper,12/31/2019,1/1/2020
7.16E-05,Kandy Proper,1/1/2020,1/2/2020
3.49E-05,Kandy Proper,1/2/2020,1/3/2020
0.000123012,Kandy Proper,1/3/2020,1/4/2020
0.000164888,Kandy Proper,1/4/2020,1/5/2020
0.000153856,Kandy Proper,1/5/2020,1/6/2020
0.000138995,Kandy Proper,1/6/2020,1/7/2020
2.21E-05,Kandy Proper,1/7/2020,1/8/2020
5.98E-06,Kandy Proper,1/8/2020,1/9/2020
0.000159308,Kandy Proper,1/9/2020,1/10/2020
6.49E-05,Kandy Proper,1/10/2020,1/11/2020
-0.000101423,Kandy Proper,1/11/2020,1/12/2020
8.99E-05,Kandy Proper,1/12/2020,1/13/2020
0.000255274,Kandy Proper,1/13/2020,1/14/2020
7.21E-05,Kandy Proper,1/14/2020,1/15/2020
6.35E-06,Kandy Proper,1/15/2020,1/16/2020
-2.51E-06,Kandy Proper,1/16/2020,1/17/2020
,Kandy Proper,1/17/2020,1/18/2020
4.25E-06,Kandy Proper,1/18/2020,1/19/2020
6.61E-05,Kandy Proper,1/19/2020,1/20/2020
8.16E-05,Kandy Proper,1/20/2020,1/21/2020
0.000108243,Kandy Proper,1/21/2020,1/22/2020
,Kandy Proper,1/22/2020,1/23/2020
1.58E-05,Kandy Proper,1/23/2020,1/24/2020
2.56E-05,Kandy Proper,1/24/2020,1/25/2020
0.000128228,Kandy Proper,1/25/2020,1/26/2020
8.29E-05,Kandy Proper,1/26/2020,1/27/2020
-1.29E-05,Kandy Proper,1/27/2020,1/28/2020
0.000226189,Kandy Proper,1/28/2020,1/29/2020
0.000150066,Kandy Proper,1/29/2020,1/30/2020
0.000199334,Kandy Proper,1/30/2020,1/31/2020
0.000236035,Kandy Proper,1/31/2020,2/1/2020
4.15E-05,Kandy Proper,2/1/2020,2/2/2020
0.000110181,Kandy Proper,2/2/2020,2/3/2020
8.36E-05,Kandy Proper,2/3/2020,2/4/2020
0.000470013,Kandy Proper,2/4/2020,2/5/2020
3.03E-05,Kandy Proper,2/5/2020,2/6/2020
0.00047833,Kandy Proper,2/6/2020,2/7/2020
0.000188592,Kandy Proper,2/7/2020,2/8/2020
0.000206615,Kandy Proper,2/8/2020,2/9/2020
0.000209923,Kandy Proper,2/9/2020,2/10/2020
0.000101215,Kandy Proper,2/10/2020,2/11/2020
0.00016611,Kandy Proper,2/11/2020,2/12/2020
,Kandy Proper,2/12/2020,2/13/2020
7.99E-05,Kandy Proper,2/13/2020,2/14/2020
2.81E-05,Kandy Proper,2/14/2020,2/15/2020
2.86E-05,Kandy Proper,2/15/2020,2/16/2020
5.94E-05,Kandy Proper,2/16/2020,2/17/2020
-2.99E-05,Kandy Proper,2/17/2020,2/18/2020
8.48E-05,Kandy Proper,2/18/2020,2/19/2020
8.62E-05,Kandy Proper,2/19/2020,2/20/2020
0.000109136,Kandy Proper,2/20/2020,2/21/2020
9.95E-05,Kandy Proper,2/21/2020,2/22/2020
,Kandy Proper,2/22/2020,2/23/2020
,Kandy Proper,2/23/2020,2/24/2020
7.92E-05,Kandy Proper,2/24/2020,2/25/2020
2.85E-05,Kandy Proper,2/25/2020,2/26/2020
3.69E-05,Kandy Proper,2/26/2020,2/27/2020
8.42E-05,Kandy Proper,2/27/2020,2/28/2020
0.000110609,Kandy Proper,2/28/2020,2/29/2020
0.00012775,Kandy Proper,2/29/2020,3/1/2020
2.28E-05,Kandy Proper,3/1/2020,3/2/2020
0.000251568,Kandy Proper,3/2/2020,3/3/2020
0.000250974,Kandy Proper,3/3/2020,3/4/2020
0.000164851,Kandy Proper,3/4/2020,3/5/2020
0.000400088,Kandy Proper,3/5/2020,3/6/2020
0.000409277,Kandy Proper,3/6/2020,3/7/2020
0.000243799,Kandy Proper,3/7/2020,3/8/2020
0.0001216,Kandy Proper,3/8/2020,3/9/2020
9.11E-05,Kandy Proper,3/9/2020,3/10/2020
0.000179662,Kandy Proper,3/10/2020,3/11/2020
0.000128628,Kandy Proper,3/11/2020,3/12/2020
0.000172729,Kandy Proper,3/12/2020,3/13/2020
0.000212343,Kandy Proper,3/13/2020,3/14/2020
0.000299052,Kandy Proper,3/14/2020,3/15/2020
8.71E-05,Kandy Proper,3/15/2020,3/16/2020
7.01E-05,Kandy Proper,3/16/2020,3/17/2020
,Kandy Proper,3/17/2020,3/18/2020
,Kandy Proper,3/18/2020,3/19/2020
0.000122429,Kandy Proper,3/19/2020,3/20/2020
7.54E-05,Kandy Proper,3/20/2020,3/21/2020
0.000253044,Kandy Proper,3/21/2020,3/22/2020
0.000127078,Kandy Proper,3/22/2020,3/23/2020
0.000183834,Kandy Proper,3/23/2020,3/24/2020
7.43E-05,Kandy Proper,3/24/2020,3/25/2020
0.000162357,Kandy Proper,3/25/2020,3/26/2020
0.000300243,Kandy Proper,3/26/2020,3/27/2020
0.000127765,Kandy Proper,3/27/2020,3/28/2020
0.00011979,Kandy Proper,3/28/2020,3/29/2020
0.000291275,Kandy Proper,3/29/2020,3/30/2020
5.84E-05,Kandy Proper,3/30/2020,3/31/2020
0.00013218,Kandy Proper,3/31/2020,4/1/2020
0.000214365,Kandy Proper,4/1/2020,4/2/2020
0.000204201,Kandy Proper,4/2/2020,4/3/2020
0.000223808,Kandy Proper,4/3/2020,4/4/2020
0.000236227,Kandy Proper,4/4/2020,4/5/2020
0.000170727,Kandy Proper,4/5/2020,4/6/2020
0.00026276,Kandy Proper,4/6/2020,4/7/2020
0.000145144,Kandy Proper,4/7/2020,4/8/2020
0.000323215,Kandy Proper,4/8/2020,4/9/2020
,Kandy Proper,4/9/2020,4/10/2020
0.00025898,Kandy Proper,4/10/2020,4/11/2020
0.000137579,Kandy Proper,4/11/2020,4/12/2020
6.82E-05,Kandy Proper,4/12/2020,4/13/2020
6.48E-05,Kandy Proper,4/13/2020,4/14/2020
8.75E-05,Kandy Proper,4/14/2020,4/15/2020
0.000133018,Kandy Proper,4/15/2020,4/16/2020
,Kandy Proper,4/16/2020,4/17/2020
,Kandy Proper,4/17/2020,4/18/2020
0.000133922,Kandy Proper,4/18/2020,4/19/2020
-4.14E-05,Kandy Proper,4/19/2020,4/20/2020
6.94E-05,Kandy Proper,4/20/2020,4/21/2020
7.62E-05,Kandy Proper,4/21/2020,4/22/2020
,Kandy Proper,4/22/2020,4/23/2020
0.000226302,Kandy Proper,4/23/2020,4/24/2020
-4.53E-05,Kandy Proper,4/24/2020,4/25/2020
0.000147837,Kandy Proper,4/25/2020,4/26/2020
0.00020705,Kandy Proper,4/26/2020,4/27/2020
0.000200547,Kandy Proper,4/27/2020,4/28/2020
0.000264023,Kandy Proper,4/28/2020,4/29/2020
0.000186296,Kandy Proper,4/29/2020,4/30/2020
0.000350867,Kandy Proper,4/30/2020,5/1/2020
0.000164077,Kandy Proper,5/1/2020,5/2/2020
0.00022199,Kandy Proper,5/2/2020,5/3/2020
0.000138281,Kandy Proper,5/3/2020,5/4/2020
5.03E-05,Kandy Proper,5/4/2020,5/5/2020
,Kandy Proper,5/5/2020,5/6/2020
,Kandy Proper,5/6/2020,5/7/2020
6.71E-05,Kandy Proper,5/7/2020,5/8/2020
0.000193294,Kandy Proper,5/8/2020,5/9/2020
,Kandy Proper,5/9/2020,5/10/2020
,Kandy Proper,5/10/2020,5/11/2020
,Kandy Proper,5/11/2020,5/12/2020
0.000148781,Kandy Proper,5/12/2020,5/13/2020
,Kandy Proper,5/13/2020,5/14/2020
0.000137919,Kandy Proper,5/14/2020,5/15/2020
0.000194368,Kandy Proper,5/15/2020,5/16/2020
,Kandy Proper,5/16/2020,5/17/2020
,Kandy Proper,5/17/2020,5/18/2020
,Kandy Proper,5/18/2020,5/19/2020
,Kandy Proper,5/19/2020,5/20/2020
,Kandy Proper,5/20/2020,5/21/2020
5.98E-05,Kandy Proper,5/21/2020,5/22/2020
,Kandy Proper,5/22/2020,5/23/2020
-3.45E-05,Kandy Proper,5/23/2020,5/24/2020
9.38E-05,Kandy Proper,5/24/2020,5/25/2020
,Kandy Proper,5/25/2020,5/26/2020
0.000137324,Kandy Proper,5/26/2020,5/27/2020
7.19E-05,Kandy Proper,5/27/2020,5/28/2020
0.000125178,Kandy Proper,5/28/2020,5/29/2020
-1.85E-05,Kandy Proper,5/29/2020,5/30/2020
2.45E-05,Kandy Proper,5/30/2020,5/31/2020
-9.59E-06,Kandy Proper,5/31/2020,6/1/2020
0.00019859,Kandy Proper,6/1/2020,6/2/2020
9.92E-05,Kandy Proper,6/2/2020,6/3/2020
4.06E-05,Kandy Proper,6/3/2020,6/4/2020
5.88E-05,Kandy Proper,6/4/2020,6/5/2020
7.41E-05,Kandy Proper,6/5/2020,6/6/2020
,Kandy Proper,6/6/2020,6/7/2020
,Kandy Proper,6/7/2020,6/8/2020
,Kandy Proper,6/8/2020,6/9/2020
5.53E-05,Kandy Proper,6/9/2020,6/10/2020
,Kandy Proper,6/10/2020,6/11/2020
,Kandy Proper,6/11/2020,6/12/2020
,Kandy Proper,6/12/2020,6/13/2020
0.000192428,Kandy Proper,6/13/2020,6/14/2020
2.29E-05,Kandy Proper,6/14/2020,6/15/2020
0.000137896,Kandy Proper,6/15/2020,6/16/2020
0.000179837,Kandy Proper,6/16/2020,6/17/2020
,Kandy Proper,6/17/2020,6/18/2020
9.35E-05,Kandy Proper,6/18/2020,6/19/2020
-3.34E-05,Kandy Proper,6/19/2020,6/20/2020
6.29E-05,Kandy Proper,6/20/2020,6/21/2020
,Kandy Proper,6/21/2020,6/22/2020
4.19E-05,Kandy Proper,6/22/2020,6/23/2020
,Kandy Proper,6/23/2020,6/24/2020
7.44E-05,Kandy Proper,6/24/2020,6/25/2020
,Kandy Proper,6/25/2020,6/26/2020
3.63E-05,Kandy Proper,6/26/2020,6/27/2020
0.000103521,Kandy Proper,6/27/2020,6/28/2020
,Kandy Proper,6/28/2020,6/29/2020
7.51E-05,Kandy Proper,6/29/2020,6/30/2020
9.30E-05,Kandy Proper,6/30/2020,7/1/2020
,Kandy Proper,7/1/2020,7/2/2020
9.60E-05,Kandy Proper,7/2/2020,7/3/2020
,Kandy Proper,7/3/2020,7/4/2020
,Kandy Proper,7/4/2020,7/5/2020
7.79E-05,Kandy Proper,7/5/2020,7/6/2020
9.25E-05,Kandy Proper,7/6/2020,7/7/2020
0.000138026,Kandy Proper,7/7/2020,7/8/2020
0.000147531,Kandy Proper,7/8/2020,7/9/2020
,Kandy Proper,7/9/2020,7/10/2020
,Kandy Proper,7/10/2020,7/11/2020
0.000156111,Kandy Proper,7/11/2020,7/12/2020
9.30E-05,Kandy Proper,7/12/2020,7/13/2020
0.000181537,Kandy Proper,7/13/2020,7/14/2020
5.69E-05,Kandy Proper,7/14/2020,7/15/2020
,Kandy Proper,7/15/2020,7/16/2020
,Kandy Proper,7/16/2020,7/17/2020
,Kandy Proper,7/17/2020,7/18/2020
,Kandy Proper,7/18/2020,7/19/2020
,Kandy Proper,7/19/2020,7/20/2020
,Kandy Proper,7/20/2020,7/21/2020
4.06E-05,Kandy Proper,7/21/2020,7/22/2020
-2.87E-05,Kandy Proper,7/22/2020,7/23/2020
0.00010365,Kandy Proper,7/23/2020,7/24/2020
0.000100404,Kandy Proper,7/24/2020,7/25/2020
,Kandy Proper,7/25/2020,7/26/2020
,Kandy Proper,7/26/2020,7/27/2020
,Kandy Proper,7/27/2020,7/28/2020
,Kandy Proper,7/28/2020,7/29/2020
,Kandy Proper,7/29/2020,7/30/2020
,Kandy Proper,7/30/2020,7/31/2020
-5.82E-05,Kandy Proper,7/31/2020,8/1/2020
,Kandy Proper,8/1/2020,8/2/2020
,Kandy Proper,8/2/2020,8/3/2020
,Kandy Proper,8/3/2020,8/4/2020
,Kandy Proper,8/4/2020,8/5/2020
,Kandy Proper,8/5/2020,8/6/2020
,Kandy Proper,8/6/2020,8/7/2020
,Kandy Proper,8/7/2020,8/8/2020
,Kandy Proper,8/8/2020,8/9/2020
,Kandy Proper,8/9/2020,8/10/2020
,Kandy Proper,8/10/2020,8/11/2020
,Kandy Proper,8/11/2020,8/12/2020
7.59E-05,Kandy Proper,8/12/2020,8/13/2020
-2.90E-05,Kandy Proper,8/13/2020,8/14/2020
0.000127192,Kandy Proper,8/14/2020,8/15/2020
,Kandy Proper,8/15/2020,8/16/2020
,Kandy Proper,8/16/2020,8/17/2020
3.64E-05,Kandy Proper,8/17/2020,8/18/2020
5.48E-05,Kandy Proper,8/18/2020,8/19/2020
0.000130037,Kandy Proper,8/19/2020,8/20/2020
0.000133199,Kandy Proper,8/20/2020,8/21/2020
9.66E-05,Kandy Proper,8/21/2020,8/22/2020
0.000122878,Kandy Proper,8/22/2020,8/23/2020
8.47E-05,Kandy Proper,8/23/2020,8/24/2020
7.20E-05,Kandy Proper,8/24/2020,8/25/2020
0.000151195,Kandy Proper,8/25/2020,8/26/2020
0.000103938,Kandy Proper,8/26/2020,8/27/2020
0.000206907,Kandy Proper,8/27/2020,8/28/2020
9.41E-05,Kandy Proper,8/28/2020,8/29/2020
0.00010834,Kandy Proper,8/29/2020,8/30/2020
,Kandy Proper,8/30/2020,8/31/2020
1.79E-05,Kandy Proper,8/31/2020,9/1/2020
,Kandy Proper,9/1/2020,9/2/2020
,Kandy Proper,9/2/2020,9/3/2020
,Kandy Proper,9/3/2020,9/4/2020
0.000156162,Kandy Proper,9/4/2020,9/5/2020
0.000211295,Kandy Proper,9/5/2020,9/6/2020
,Kandy Proper,9/6/2020,9/7/2020
,Kandy Proper,9/7/2020,9/8/2020
,Kandy Proper,9/8/2020,9/9/2020
,Kandy Proper,9/9/2020,9/10/2020
,Kandy Proper,9/10/2020,9/11/2020
,Kandy Proper,9/11/2020,9/12/2020
,Kandy Proper,9/12/2020,9/13/2020
,Kandy Proper,9/13/2020,9/14/2020
,Kandy Proper,9/14/2020,9/15/2020
,Kandy Proper,9/15/2020,9/16/2020
-6.40E-06,Kandy Proper,9/16/2020,9/17/2020
,Kandy Proper,9/17/2020,9/18/2020
,Kandy Proper,9/18/2020,9/19/2020
,Kandy Proper,9/19/2020,9/20/2020
,Kandy Proper,9/20/2020,9/21/2020
,Kandy Proper,9/21/2020,9/22/2020
,Kandy Proper,9/22/2020,9/23/2020
,Kandy Proper,9/23/2020,9/24/2020
,Kandy Proper,9/24/2020,9/25/2020
,Kandy Proper,9/25/2020,9/26/2020
2.91E-05,Kandy Proper,9/26/2020,9/27/2020
5.92E-05,Kandy Proper,9/27/2020,9/28/2020
,Kandy Proper,9/28/2020,9/29/2020
,Kandy Proper,9/29/2020,9/30/2020
,Kandy Proper,9/30/2020,10/1/2020
,Kandy Proper,10/1/2020,10/2/2020
6.19E-05,Kandy Proper,10/2/2020,10/3/2020
,Kandy Proper,10/3/2020,10/4/2020
-8.41E-05,Kandy Proper,10/4/2020,10/5/2020
2.34E-05,Kandy Proper,10/5/2020,10/6/2020
0.000153065,Kandy Proper,10/6/2020,10/7/2020
,Kandy Proper,10/7/2020,10/8/2020
0.000239526,Kandy Proper,10/8/2020,10/9/2020
,Kandy Proper,10/9/2020,10/10/2020
,Kandy Proper,10/10/2020,10/11/2020
,Kandy Proper,10/11/2020,10/12/2020
0.000119172,Kandy Proper,10/12/2020,10/13/2020
,Kandy Proper,10/13/2020,10/14/2020
,Kandy Proper,10/14/2020,10/15/2020
,Kandy Proper,10/15/2020,10/16/2020
,Kandy Proper,10/16/2020,10/17/2020
,Kandy Proper,10/17/2020,10/18/2020
9.94E-05,Kandy Proper,10/18/2020,10/19/2020
5.09E-05,Kandy Proper,10/19/2020,10/20/2020
0.000180224,Kandy Proper,10/20/2020,10/21/2020
,Kandy Proper,10/21/2020,10/22/2020
-4.55E-05,Kandy Proper,10/22/2020,10/23/2020
0.000141396,Kandy Proper,10/23/2020,10/24/2020
,Kandy Proper,10/24/2020,10/25/2020
0.00012531,Kandy Proper,10/25/2020,10/26/2020
0.00010546,Kandy Proper,10/26/2020,10/27/2020
0.000290678,Kandy Proper,10/27/2020,10/28/2020
0.00023018,Kandy Proper,10/28/2020,10/29/2020
1.52E-05,Kandy Proper,10/29/2020,10/30/2020
2.03E-05,Kandy Proper,10/30/2020,10/31/2020
0.000266956,Kandy Proper,10/31/2020,11/1/2020
0.000114404,Kandy Proper,11/1/2020,11/2/2020
0.000317403,Kandy Proper,11/2/2020,11/3/2020
0.000194005,Kandy Proper,11/3/2020,11/4/2020
,Kandy Proper,11/4/2020,11/5/2020
0.000215201,Kandy Proper,11/5/2020,11/6/2020
7.87E-05,Kandy Proper,11/6/2020,11/7/2020
1.45E-05,Kandy Proper,11/7/2020,11/8/2020
,Kandy Proper,11/8/2020,11/9/2020
,Kandy Proper,11/9/2020,11/10/2020
,Kandy Proper,11/10/2020,11/11/2020
,Kandy Proper,11/11/2020,11/12/2020
,Kandy Proper,11/12/2020,11/13/2020
5.82E-05,Kandy Proper,11/13/2020,11/14/2020
-0.000228181,Kandy Proper,11/14/2020,11/15/2020
2.08E-06,Kandy Proper,11/15/2020,11/16/2020
,Kandy Proper,11/16/2020,11/17/2020
0.000215569,Kandy Proper,11/17/2020,11/18/2020
0.000119201,Kandy Proper,11/18/2020,11/19/2020
-0.000111025,Kandy Proper,11/19/2020,11/20/2020
0.000154588,Kandy Proper,11/20/2020,11/21/2020
,Kandy Proper,11/21/2020,11/22/2020
,Kandy Proper,11/22/2020,11/23/2020
,Kandy Proper,11/23/2020,11/24/2020
,Kandy Proper,11/24/2020,11/25/2020
,Kandy Proper,11/25/2020,11/26/2020
6.70E-05,Kandy Proper,11/26/2020,11/27/2020
8.32E-05,Kandy Proper,11/27/2020,11/28/2020
0.000203563,Kandy Proper,11/28/2020,11/29/2020
0.000152243,Kandy Proper,11/29/2020,11/30/2020
,Kandy Proper,11/30/2020,12/1/2020
,Kandy Proper,12/1/2020,12/2/2020
,Kandy Proper,12/2/2020,12/3/2020
,Kandy Proper,12/3/2020,12/4/2020
,Kandy Proper,12/4/2020,12/5/2020
,Kandy Proper,12/5/2020,12/6/2020
2.22E-05,Kandy Proper,12/6/2020,12/7/2020
6.57E-05,Kandy Proper,12/7/2020,12/8/2020
,Kandy Proper,12/8/2020,12/9/2020
0.000113002,Kandy Proper,12/9/2020,12/10/2020
-8.22E-06,Kandy Proper,12/10/2020,12/11/2020
0.000221421,Kandy Proper,12/11/2020,12/12/2020
0.000321553,Kandy Proper,12/12/2020,12/13/2020
,Kandy Proper,12/13/2020,12/14/2020
0.000100042,Kandy Proper,12/14/2020,12/15/2020
5.52E-05,Kandy Proper,12/15/2020,12/16/2020
0.000103865,Kandy Proper,12/16/2020,12/17/2020
0.000195954,Kandy Proper,12/17/2020,12/18/2020
,Kandy Proper,12/18/2020,12/19/2020
1.68E-05,Kandy Proper,12/19/2020,12/20/2020
,Kandy Proper,12/20/2020,12/21/2020
,Kandy Proper,12/21/2020,12/22/2020
,Kandy Proper,12/22/2020,12/23/2020
,Kandy Proper,12/23/2020,12/24/2020
,Kandy Proper,12/24/2020,12/25/2020
0.000705162,Kandy Proper,12/25/2020,12/26/2020
,Kandy Proper,12/26/2020,12/27/2020
,Kandy Proper,12/27/2020,12/28/2020
,Kandy Proper,12/28/2020,12/29/2020
6.06E-05,Kandy Proper,12/29/2020,12/30/2020
0.00013321,Kandy Proper,12/30/2020,12/31/2020
,Kandy Proper,12/31/2020,1/1/2021
,Kandy Proper,1/1/2021,1/2/2021
,Kandy Proper,1/2/2021,1/3/2021
,Kandy Proper,1/3/2021,1/4/2021
-1.33E-05,Kandy Proper,1/4/2021,1/5/2021
,Kandy Proper,1/5/2021,1/6/2021
0.00015411,Kandy Proper,1/6/2021,1/7/2021
0.000118833,Kandy Proper,1/7/2021,1/8/2021
,Kandy Proper,1/8/2021,1/9/2021
,Kandy Proper,1/9/2021,1/10/2021
,Kandy Proper,1/10/2021,1/11/2021
,Kandy Proper,1/11/2021,1/12/2021
,Kandy Proper,1/12/2021,1/13/2021
,Kandy Proper,1/13/2021,1/14/2021
,Kandy Proper,1/14/2021,1/15/2021
,Kandy Proper,1/15/2021,1/16/2021
0.000134485,Kandy Proper,1/16/2021,1/17/2021
,Kandy Proper,1/17/2021,1/18/2021
,Kandy Proper,1/18/2021,1/19/2021
,Kandy Proper,1/19/2021,1/20/2021
3.15E-05,Kandy Proper,1/20/2021,1/21/2021
9.29E-05,Kandy Proper,1/21/2021,1/22/2021
0.000122607,Kandy Proper,1/22/2021,1/23/2021
-2.97E-05,Kandy Proper,1/23/2021,1/24/2021
0.000162129,Kandy Proper,1/24/2021,1/25/2021
1.88E-05,Kandy Proper,1/25/2021,1/26/2021
0.000154227,Kandy Proper,1/26/2021,1/27/2021
3.82E-05,Kandy Proper,1/27/2021,1/28/2021
0.000137352,Kandy Proper,1/28/2021,1/29/2021
,Kandy Proper,1/29/2021,1/30/2021
3.73E-05,Kandy Proper,1/30/2021,1/31/2021
4.77E-05,Kandy Proper,1/31/2021,2/1/2021
,Kandy Proper,2/1/2021,2/2/2021
,Kandy Proper,2/2/2021,2/3/2021
,Kandy Proper,2/3/2021,2/4/2021
7.29E-05,Kandy Proper,2/4/2021,2/5/2021
4.39E-05,Kandy Proper,2/5/2021,2/6/2021
-0.000101533,Kandy Proper,2/6/2021,2/7/2021
,Kandy Proper,2/7/2021,2/8/2021
,Kandy Proper,2/8/2021,2/9/2021
1.09E-05,Kandy Proper,2/9/2021,2/10/2021
0.000234657,Kandy Proper,2/10/2021,2/11/2021
0.000107016,Kandy Proper,2/11/2021,2/12/2021
0.000159289,Kandy Proper,2/12/2021,2/13/2021
0.00014594,Kandy Proper,2/13/2021,2/14/2021
,Kandy Proper,2/14/2021,2/15/2021
9.21E-05,Kandy Proper,2/15/2021,2/16/2021
0.000134844,Kandy Proper,2/16/2021,2/17/2021
0.000219197,Kandy Proper,2/17/2021,2/18/2021
0.000107368,Kandy Proper,2/18/2021,2/19/2021
9.54E-05,Kandy Proper,2/19/2021,2/20/2021
-1.09E-05,Kandy Proper,2/20/2021,2/21/2021
8.79E-06,Kandy Proper,2/21/2021,2/22/2021
2.99E-05,Kandy Proper,2/22/2021,2/23/2021
-0.000104214,Kandy Proper,2/23/2021,2/24/2021
0.000102654,Kandy Proper,2/24/2021,2/25/2021
0.000134376,Kandy Proper,2/25/2021,2/26/2021
0.00026086,Kandy Proper,2/26/2021,2/27/2021
0.000133541,Kandy Proper,2/27/2021,2/28/2021
0.000242572,Kandy Proper,2/28/2021,3/1/2021
7.99E-05,Kandy Proper,3/1/2021,3/2/2021
-3.60E-05,Kandy Proper,3/2/2021,3/3/2021
8.65E-05,Kandy Proper,3/3/2021,3/4/2021
0.000120618,Kandy Proper,3/4/2021,3/5/2021
,Kandy Proper,3/5/2021,3/6/2021
-3.69E-05,Kandy Proper,3/6/2021,3/7/2021
-0.000135557,Kandy Proper,3/7/2021,3/8/2021
,Kandy Proper,3/8/2021,3/9/2021
7.39E-05,Kandy Proper,3/9/2021,3/10/2021
,Kandy Proper,3/10/2021,3/11/2021
,Kandy Proper,3/11/2021,3/12/2021
0.000184641,Kandy Proper,3/12/2021,3/13/2021
7.17E-05,Kandy Proper,3/13/2021,3/14/2021
4.59E-05,Kandy Proper,3/14/2021,3/15/2021
0.000160423,Kandy Proper,3/15/2021,3/16/2021
0.000111651,Kandy Proper,3/16/2021,3/17/2021
0.000218437,Kandy Proper,3/17/2021,3/18/2021
,Kandy Proper,3/18/2021,3/19/2021
,Kandy Proper,3/19/2021,3/20/2021
5.29E-05,Kandy Proper,3/20/2021,3/21/2021
,Kandy Proper,3/21/2021,3/22/2021
3.56E-05,Kandy Proper,3/22/2021,3/23/2021
-3.88E-05,Kandy Proper,3/23/2021,3/24/2021
,Kandy Proper,3/24/2021,3/25/2021
,Kandy Proper,3/25/2021,3/26/2021
,Kandy Proper,3/26/2021,3/27/2021
,Kandy Proper,3/27/2021,3/28/2021
,Kandy Proper,3/28/2021,3/29/2021
9.93E-05,Kandy Proper,3/29/2021,3/30/2021
0.000143385,Kandy Proper,3/30/2021,3/31/2021
0.000182486,Kandy Proper,3/31/2021,4/1/2021
0.000204383,Kandy Proper,4/1/2021,4/2/2021
0.000272072,Kandy Proper,4/2/2021,4/3/2021
0.000143429,Kandy Proper,4/3/2021,4/4/2021
0.000172544,Kandy Proper,4/4/2021,4/5/2021
0.000209572,Kandy Proper,4/5/2021,4/6/2021
0.000226547,Kandy Proper,4/6/2021,4/7/2021
4.02E-05,Kandy Proper,4/7/2021,4/8/2021
2.40E-06,Kandy Proper,4/8/2021,4/9/2021
,Kandy Proper,4/9/2021,4/10/2021
,Kandy Proper,4/10/2021,4/11/2021
,Kandy Proper,4/11/2021,4/12/2021
0.000213884,Kandy Proper,4/12/2021,4/13/2021
,Kandy Proper,4/13/2021,4/14/2021
,Kandy Proper,4/14/2021,4/15/2021
0.000165361,Kandy Proper,4/15/2021,4/16/2021
0.000131399,Kandy Proper,4/16/2021,4/17/2021
0.00019437,Kandy Proper,4/17/2021,4/18/2021
0.000183098,Kandy Proper,4/18/2021,4/19/2021
0.000114639,Kandy Proper,4/19/2021,4/20/2021
6.73E-05,Kandy Proper,4/20/2021,4/21/2021
0.000152085,Kandy Proper,4/21/2021,4/22/2021
0.000213966,Kandy Proper,4/22/2021,4/23/2021
0.000178302,Kandy Proper,4/23/2021,4/24/2021
0.000167376,Kandy Proper,4/24/2021,4/25/2021
,Kandy Proper,4/25/2021,4/26/2021
0.000167527,Kandy Proper,4/26/2021,4/27/2021
0.000224054,Kandy Proper,4/27/2021,4/28/2021
0.000176126,Kandy Proper,4/28/2021,4/29/2021
,Kandy Proper,4/29/2021,4/30/2021
,Kandy Proper,4/30/2021,5/1/2021
,Kandy Proper,5/1/2021,5/2/2021
,Kandy Proper,5/2/2021,5/3/2021
0.000203917,Kandy Proper,5/3/2021,5/4/2021
0.000129001,Kandy Proper,5/4/2021,5/5/2021
,Kandy Proper,5/5/2021,5/6/2021
4.54E-05,Kandy Proper,5/6/2021,5/7/2021
8.26E-05,Kandy Proper,5/7/2021,5/8/2021
,Kandy Proper,5/8/2021,5/9/2021
,Kandy Proper,5/9/2021,5/10/2021
,Kandy Proper,5/10/2021,5/11/2021
8.83E-05,Kandy Proper,5/11/2021,5/12/2021
,Kandy Proper,5/12/2021,5/13/2021
,Kandy Proper,5/13/2021,5/14/2021
0.00012043,Kandy Proper,5/14/2021,5/15/2021
,Kandy Proper,5/15/2021,5/16/2021
,Kandy Proper,5/16/2021,5/17/2021
8.26E-05,Kandy Proper,5/17/2021,5/18/2021
0.0001262,Kandy Proper,5/18/2021,5/19/2021
0.00025147,Kandy Proper,5/19/2021,5/20/2021
,Kandy Proper,5/20/2021,5/21/2021
,Kandy Proper,5/21/2021,5/22/2021
,Kandy Proper,5/22/2021,5/23/2021
,Kandy Proper,5/23/2021,5/24/2021
,Kandy Proper,5/24/2021,5/25/2021
,Kandy Proper,5/25/2021,5/26/2021
,Kandy Proper,5/26/2021,5/27/2021
,Kandy Proper,5/27/2021,5/28/2021
9.26E-05,Kandy Proper,5/28/2021,5/29/2021
,Kandy Proper,5/29/2021,5/30/2021
-6.31E-05,Kandy Proper,5/30/2021,5/31/2021
-1.76E-06,Kandy Proper,5/31/2021,6/1/2021
3.04E-05,Kandy Proper,6/1/2021,6/2/2021
1.92E-05,Kandy Proper,6/2/2021,6/3/2021
,Kandy Proper,6/3/2021,6/4/2021
,Kandy Proper,6/4/2021,6/5/2021
,Kandy Proper,6/5/2021,6/6/2021
,Kandy Proper,6/6/2021,6/7/2021
,Kandy Proper,6/7/2021,6/8/2021
,Kandy Proper,6/8/2021,6/9/2021
,Kandy Proper,6/9/2021,6/10/2021
0.000127666,Kandy Proper,6/10/2021,6/11/2021
-1.20E-05,Kandy Proper,6/11/2021,6/12/2021
-4.82E-05,Kandy Proper,6/12/2021,6/13/2021
0.000160556,Kandy Proper,6/13/2021,6/14/2021
-9.72E-05,Kandy Proper,6/14/2021,6/15/2021
-5.25E-07,Kandy Proper,6/15/2021,6/16/2021
2.33E-05,Kandy Proper,6/16/2021,6/17/2021
,Kandy Proper,6/17/2021,6/18/2021
0.000111975,Kandy Proper,6/18/2021,6/19/2021
5.23E-05,Kandy Proper,6/19/2021,6/20/2021
4.17E-05,Kandy Proper,6/20/2021,6/21/2021
0.000182855,Kandy Proper,6/21/2021,6/22/2021
,Kandy Proper,6/22/2021,6/23/2021
7.14E-05,Kandy Proper,6/23/2021,6/24/2021
0.000103607,Kandy Proper,6/24/2021,6/25/2021
5.58E-05,Kandy Proper,6/25/2021,6/26/2021
,Kandy Proper,6/26/2021,6/27/2021
3.41E-05,Kandy Proper,6/27/2021,6/28/2021
7.77E-05,Kandy Proper,6/28/2021,6/29/2021
9.99E-05,Kandy Proper,6/29/2021,6/30/2021
,Kandy Proper,6/30/2021,7/1/2021
0.000112162,Kandy Proper,7/1/2021,7/2/2021
,Kandy Proper,7/2/2021,7/3/2021
,Kandy Proper,7/3/2021,7/4/2021
,Kandy Proper,7/4/2021,7/5/2021
-0.000130826,Kandy Proper,7/5/2021,7/6/2021
-0.000150646,Kandy Proper,7/6/2021,7/7/2021
-7.82E-05,Kandy Proper,7/7/2021,7/8/2021
,Kandy Proper,7/8/2021,7/9/2021
,Kandy Proper,7/9/2021,7/10/2021
,Kandy Proper,7/10/2021,7/11/2021
,Kandy Proper,7/11/2021,7/12/2021
,Kandy Proper,7/12/2021,7/13/2021
0.000219073,Kandy Proper,7/13/2021,7/14/2021
,Kandy Proper,7/14/2021,7/15/2021
,Kandy Proper,7/15/2021,7/16/2021
,Kandy Proper,7/16/2021,7/17/2021
,Kandy Proper,7/17/2021,7/18/2021
5.93E-05,Kandy Proper,7/18/2021,7/19/2021
,Kandy Proper,7/19/2021,7/20/2021
1.81E-05,Kandy Proper,7/20/2021,7/21/2021
,Kandy Proper,7/21/2021,7/22/2021
,Kandy Proper,7/22/2021,7/23/2021
,Kandy Proper,7/23/2021,7/24/2021
,Kandy Proper,7/24/2021,7/25/2021
,Kandy Proper,7/25/2021,7/26/2021
,Kandy Proper,7/26/2021,7/27/2021
-1.00E-04,Kandy Proper,7/27/2021,7/28/2021
,Kandy Proper,7/28/2021,7/29/2021
0.00011792,Kandy Proper,7/29/2021,7/30/2021
9.75E-05,Kandy Proper,7/30/2021,7/31/2021
9.61E-05,Kandy Proper,7/31/2021,8/1/2021
0.000197037,Kandy Proper,8/1/2021,8/2/2021
6.94E-06,Kandy Proper,8/2/2021,8/3/2021
,Kandy Proper,8/3/2021,8/4/2021
,Kandy Proper,8/4/2021,8/5/2021
,Kandy Proper,8/5/2021,8/6/2021
,Kandy Proper,8/6/2021,8/7/2021
,Kandy Proper,8/7/2021,8/8/2021
,Kandy Proper,8/8/2021,8/9/2021
,Kandy Proper,8/9/2021,8/10/2021
,Kandy Proper,8/10/2021,8/11/2021
,Kandy Proper,8/11/2021,8/12/2021
,Kandy Proper,8/12/2021,8/13/2021
0.000112715,Kandy Proper,8/13/2021,8/14/2021
,Kandy Proper,8/14/2021,8/15/2021
0.000219949,Kandy Proper,8/15/2021,8/16/2021
,Kandy Proper,8/16/2021,8/17/2021
,Kandy Proper,8/17/2021,8/18/2021
,Kandy Proper,8/18/2021,8/19/2021
0.000156432,Kandy Proper,8/19/2021,8/20/2021
2.82E-05,Kandy Proper,8/20/2021,8/21/2021
-3.19E-05,Kandy Proper,8/21/2021,8/22/2021
,Kandy Proper,8/22/2021,8/23/2021
0.000102411,Kandy Proper,8/23/2021,8/24/2021
0.000121874,Kandy Proper,8/24/2021,8/25/2021
6.44E-05,Kandy Proper,8/25/2021,8/26/2021
,Kandy Proper,8/26/2021,8/27/2021
,Kandy Proper,8/27/2021,8/28/2021
,Kandy Proper,8/28/2021,8/29/2021
,Kandy Proper,8/29/2021,8/30/2021
,Kandy Proper,8/30/2021,8/31/2021
,Kandy Proper,8/31/2021,9/1/2021
,Kandy Proper,9/1/2021,9/2/2021
,Kandy Proper,9/2/2021,9/3/2021
,Kandy Proper,9/3/2021,9/4/2021
,Kandy Proper,9/4/2021,9/5/2021
,Kandy Proper,9/5/2021,9/6/2021
,Kandy Proper,9/6/2021,9/7/2021
7.16E-05,Kandy Proper,9/7/2021,9/8/2021
9.05E-05,Kandy Proper,9/8/2021,9/9/2021
0.000109048,Kandy Proper,9/9/2021,9/10/2021
7.10E-06,Kandy Proper,9/10/2021,9/11/2021
,Kandy Proper,9/11/2021,9/12/2021
4.28E-05,Kandy Proper,9/12/2021,9/13/2021
4.89E-05,Kandy Proper,9/13/2021,9/14/2021
-2.32E-05,Kandy Proper,9/14/2021,9/15/2021
7.60E-05,Kandy Proper,9/15/2021,9/16/2021
,Kandy Proper,9/16/2021,9/17/2021
,Kandy Proper,9/17/2021,9/18/2021
-4.57E-05,Kandy Proper,9/18/2021,9/19/2021
8.08E-05,Kandy Proper,9/19/2021,9/20/2021
,Kandy Proper,9/20/2021,9/21/2021
,Kandy Proper,9/21/2021,9/22/2021
5.09E-05,Kandy Proper,9/22/2021,9/23/2021
8.83E-05,Kandy Proper,9/23/2021,9/24/2021
5.77E-05,Kandy Proper,9/24/2021,9/25/2021
,Kandy Proper,9/25/2021,9/26/2021
,Kandy Proper,9/26/2021,9/27/2021
5.63E-07,Kandy Proper,9/27/2021,9/28/2021
,Kandy Proper,9/28/2021,9/29/2021
3.22E-05,Kandy Proper,9/29/2021,9/30/2021
,Kandy Proper,9/30/2021,10/1/2021
,Kandy Proper,10/1/2021,10/2/2021
,Kandy Proper,10/2/2021,10/3/2021
,Kandy Proper,10/3/2021,10/4/2021
,Kandy Proper,10/4/2021,10/5/2021
,Kandy Proper,10/5/2021,10/6/2021
-5.17E-05,Kandy Proper,10/6/2021,10/7/2021
4.04E-05,Kandy Proper,10/7/2021,10/8/2021
8.59E-05,Kandy Proper,10/8/2021,10/9/2021
,Kandy Proper,10/9/2021,10/10/2021
,Kandy Proper,10/10/2021,10/11/2021
,Kandy Proper,10/11/2021,10/12/2021
,Kandy Proper,10/12/2021,10/13/2021
0.000101904,Kandy Proper,10/13/2021,10/14/2021
0.000123224,Kandy Proper,10/14/2021,10/15/2021
7.03E-05,Kandy Proper,10/15/2021,10/16/2021
,Kandy Proper,10/16/2021,10/17/2021
,Kandy Proper,10/17/2021,10/18/2021
-1.25E-05,Kandy Proper,10/18/2021,10/19/2021
9.90E-05,Kandy Proper,10/19/2021,10/20/2021
,Kandy Proper,10/20/2021,10/21/2021
,Kandy Proper,10/21/2021,10/22/2021
0.000172809,Kandy Proper,10/22/2021,10/23/2021
,Kandy Proper,10/23/2021,10/24/2021
8.20E-05,Kandy Proper,10/24/2021,10/25/2021
,Kandy Proper,10/25/2021,10/26/2021
0.000169721,Kandy Proper,10/26/2021,10/27/2021
,Kandy Proper,10/27/2021,10/28/2021
,Kandy Proper,10/28/2021,10/29/2021
,Kandy Proper,10/29/2021,10/30/2021
,Kandy Proper,10/30/2021,10/31/2021
0.000213335,Kandy Proper,10/31/2021,11/1/2021
,Kandy Proper,11/1/2021,11/2/2021
0.000116526,Kandy Proper,11/2/2021,11/3/2021
,Kandy Proper,11/3/2021,11/4/2021
,Kandy Proper,11/4/2021,11/5/2021
,Kandy Proper,11/5/2021,11/6/2021
,Kandy Proper,11/6/2021,11/7/2021
,Kandy Proper,11/7/2021,11/8/2021
,Kandy Proper,11/8/2021,11/9/2021
,Kandy Proper,11/9/2021,11/10/2021
,Kandy Proper,11/10/2021,11/11/2021
0.000121441,Kandy Proper,11/11/2021,11/12/2021
,Kandy Proper,11/12/2021,11/13/2021
,Kandy Proper,11/13/2021,11/14/2021
,Kandy Proper,11/14/2021,11/15/2021
,Kandy Proper,11/15/2021,11/16/2021
,Kandy Proper,11/16/2021,11/17/2021
,Kandy Proper,11/17/2021,11/18/2021
,Kandy Proper,11/18/2021,11/19/2021
,Kandy Proper,11/19/2021,11/20/2021
3.30E-05,Kandy Proper,11/20/2021,11/21/2021
0.000115116,Kandy Proper,11/21/2021,11/22/2021
0.000230887,Kandy Proper,11/22/2021,11/23/2021
,Kandy Proper,11/23/2021,11/24/2021
,Kandy Proper,11/24/2021,11/25/2021
,Kandy Proper,11/25/2021,11/26/2021
0.000179377,Kandy Proper,11/26/2021,11/27/2021
6.05E-05,Kandy Proper,11/27/2021,11/28/2021
,Kandy Proper,11/28/2021,11/29/2021
,Kandy Proper,11/29/2021,11/30/2021
,Kandy Proper,11/30/2021,12/1/2021
4.44E-06,Kandy Proper,12/1/2021,12/2/2021
4.80E-05,Kandy Proper,12/2/2021,12/3/2021
0.000153337,Kandy Proper,12/3/2021,12/4/2021
0.000141497,Kandy Proper,12/4/2021,12/5/2021
,Kandy Proper,12/5/2021,12/6/2021
,Kandy Proper,12/6/2021,12/7/2021
0.000162606,Kandy Proper,12/7/2021,12/8/2021
7.61E-05,Kandy Proper,12/8/2021,12/9/2021
4.05E-05,Kandy Proper,12/9/2021,12/10/2021
7.15E-05,Kandy Proper,12/10/2021,12/11/2021
4.93E-05,Kandy Proper,12/11/2021,12/12/2021
5.63E-05,Kandy Proper,12/12/2021,12/13/2021
,Kandy Proper,12/13/2021,12/14/2021
-1.22E-05,Kandy Proper,12/14/2021,12/15/2021
,Kandy Proper,12/15/2021,12/16/2021
0.000148544,Kandy Proper,12/16/2021,12/17/2021
3.50E-05,Kandy Proper,12/17/2021,12/18/2021
-6.49E-05,Kandy Proper,12/18/2021,12/19/2021
4.20E-05,Kandy Proper,12/19/2021,12/20/2021
0.000195268,Kandy Proper,12/20/2021,12/21/2021
-4.03E-05,Kandy Proper,12/21/2021,12/22/2021
-2.88E-05,Kandy Proper,12/22/2021,12/23/2021
0.000159648,Kandy Proper,12/23/2021,12/24/2021
0.00011216,Kandy Proper,12/24/2021,12/25/2021
9.79E-05,Kandy Proper,12/25/2021,12/26/2021
3.10E-05,Kandy Proper,12/26/2021,12/27/2021
9.14E-05,Kandy Proper,12/27/2021,12/28/2021
0.000170325,Kandy Proper,12/28/2021,12/29/2021
4.46E-05,Kandy Proper,12/29/2021,12/30/2021
,Kandy Proper,12/30/2021,12/31/2021
,Kandy Proper,12/31/2021,1/1/2022
5.00E-06,Kandy Proper,1/1/2022,1/2/2022
,Kandy Proper,1/2/2022,1/3/2022
,Kandy Proper,1/3/2022,1/4/2022
,Kandy Proper,1/4/2022,1/5/2022
,Kandy Proper,1/5/2022,1/6/2022
-2.51E-05,Kandy Proper,1/6/2022,1/7/2022
5.20E-06,Kandy Proper,1/7/2022,1/8/2022
,Kandy Proper,1/8/2022,1/9/2022
8.42E-05,Kandy Proper,1/9/2022,1/10/2022
,Kandy Proper,1/10/2022,1/11/2022
,Kandy Proper,1/11/2022,1/12/2022
-1.22E-05,Kandy Proper,1/12/2022,1/13/2022
0.000100254,Kandy Proper,1/13/2022,1/14/2022
0.000265634,Kandy Proper,1/14/2022,1/15/2022
0.000142658,Kandy Proper,1/15/2022,1/16/2022
5.87E-05,Kandy Proper,1/16/2022,1/17/2022
8.73E-05,Kandy Proper,1/17/2022,1/18/2022
-8.12E-05,Kandy Proper,1/18/2022,1/19/2022
8.81E-05,Kandy Proper,1/19/2022,1/20/2022
0.00027522,Kandy Proper,1/20/2022,1/21/2022
-5.91E-05,Kandy Proper,1/21/2022,1/22/2022
0.000101312,Kandy Proper,1/22/2022,1/23/2022
0.000331935,Kandy Proper,1/23/2022,1/24/2022
0.000129801,Kandy Proper,1/24/2022,1/25/2022
0.000191012,Kandy Proper,1/25/2022,1/26/2022
0.000204442,Kandy Proper,1/26/2022,1/27/2022
0.000178667,Kandy Proper,1/27/2022,1/28/2022
1.76E-05,Kandy Proper,1/28/2022,1/29/2022
,Kandy Proper,1/29/2022,1/30/2022
0.000196889,Kandy Proper,1/30/2022,1/31/2022
-1.88E-05,Kandy Proper,1/31/2022,2/1/2022
0.000214545,Kandy Proper,2/1/2022,2/2/2022
0.000142265,Kandy Proper,2/2/2022,2/3/2022
0.000107298,Kandy Proper,2/3/2022,2/4/2022
0.000185317,Kandy Proper,2/4/2022,2/5/2022
0.000308797,Kandy Proper,2/5/2022,2/6/2022
0.000181237,Kandy Proper,2/6/2022,2/7/2022
,Kandy Proper,2/7/2022,2/8/2022
0.000199687,Kandy Proper,2/8/2022,2/9/2022
0.000119504,Kandy Proper,2/9/2022,2/10/2022
,Kandy Proper,2/10/2022,2/11/2022
,Kandy Proper,2/11/2022,2/12/2022
,Kandy Proper,2/12/2022,2/13/2022
,Kandy Proper,2/13/2022,2/14/2022
,Kandy Proper,2/14/2022,2/15/2022
0.000161039,Kandy Proper,2/15/2022,2/16/2022
9.24E-05,Kandy Proper,2/16/2022,2/17/2022
9.93E-05,Kandy Proper,2/17/2022,2/18/2022
7.64E-06,Kandy Proper,2/18/2022,2/19/2022
,Kandy Proper,2/19/2022,2/20/2022
0.00012647,Kandy Proper,2/20/2022,2/21/2022
0.000145071,Kandy Proper,2/21/2022,2/22/2022
0.000231655,Kandy Proper,2/22/2022,2/23/2022
1.96E-05,Kandy Proper,2/23/2022,2/24/2022
-5.50E-05,Kandy Proper,2/24/2022,2/25/2022
6.61E-05,Kandy Proper,2/25/2022,2/26/2022
-3.29E-05,Kandy Proper,2/26/2022,2/27/2022
0.000104202,Kandy Proper,2/27/2022,2/28/2022
7.18E-05,Kandy Proper,2/28/2022,3/1/2022
0.000249222,Kandy Proper,3/1/2022,3/2/2022
,Kandy Proper,3/2/2022,3/3/2022
,Kandy Proper,3/3/2022,3/4/2022
,Kandy Proper,3/4/2022,3/5/2022
,Kandy Proper,3/5/2022,3/6/2022
6.22E-05,Kandy Proper,3/6/2022,3/7/2022
0.000116044,Kandy Proper,3/7/2022,3/8/2022
8.21E-05,Kandy Proper,3/8/2022,3/9/2022
0.000107856,Kandy Proper,3/9/2022,3/10/2022
4.74E-05,Kandy Proper,3/10/2022,3/11/2022
0.000124978,Kandy Proper,3/11/2022,3/12/2022
,Kandy Proper,3/12/2022,3/13/2022
2.62E-05,Kandy Proper,3/13/2022,3/14/2022
0.000173784,Kandy Proper,3/14/2022,3/15/2022
0.000251699,Kandy Proper,3/15/2022,3/16/2022
,Kandy Proper,3/16/2022,3/17/2022
,Kandy Proper,3/17/2022,3/18/2022
8.23E-05,Kandy Proper,3/18/2022,3/19/2022
0.000119273,Kandy Proper,3/19/2022,3/20/2022
6.50E-05,Kandy Proper,3/20/2022,3/21/2022
0.000113824,Kandy Proper,3/21/2022,3/22/2022
0.000139412,Kandy Proper,3/22/2022,3/23/2022
,Kandy Proper,3/23/2022,3/24/2022
0.000115144,Kandy Proper,3/24/2022,3/25/2022
0.000206934,Kandy Proper,3/25/2022,3/26/2022
,Kandy Proper,3/26/2022,3/27/2022
3.08E-05,Kandy Proper,3/27/2022,3/28/2022
5.43E-05,Kandy Proper,3/28/2022,3/29/2022
4.45E-05,Kandy Proper,3/29/2022,3/30/2022
0.000123298,Kandy Proper,3/30/2022,3/31/2022
0.000105857,Kandy Proper,3/31/2022,4/1/2022
0.000130968,Kandy Proper,4/1/2022,4/2/2022
6.84E-05,Kandy Proper,4/2/2022,4/3/2022
,Kandy Proper,4/3/2022,4/4/2022
0.000138619,Kandy Proper,4/4/2022,4/5/2022
0.000247251,Kandy Proper,4/5/2022,4/6/2022
,Kandy Proper,4/6/2022,4/7/2022
,Kandy Proper,4/7/2022,4/8/2022
,Kandy Proper,4/8/2022,4/9/2022
,Kandy Proper,4/9/2022,4/10/2022
,Kandy Proper,4/10/2022,4/11/2022
-2.46E-06,Kandy Proper,4/11/2022,4/12/2022
,Kandy Proper,4/12/2022,4/13/2022
,Kandy Proper,4/13/2022,4/14/2022
0.000180168,Kandy Proper,4/14/2022,4/15/2022
9.70E-05,Kandy Proper,4/15/2022,4/16/2022
2.55E-05,Kandy Proper,4/16/2022,4/17/2022
,Kandy Proper,4/17/2022,4/18/2022
7.80E-05,Kandy Proper,4/18/2022,4/19/2022
2.94E-05,Kandy Proper,4/19/2022,4/20/2022
0.000183651,Kandy Proper,4/20/2022,4/21/2022
0.00015503,Kandy Proper,4/21/2022,4/22/2022
,Kandy Proper,4/22/2022,4/23/2022
,Kandy Proper,4/23/2022,4/24/2022
,Kandy Proper,4/24/2022,4/25/2022
0.000155305,Kandy Proper,4/25/2022,4/26/2022
0.000160437,Kandy Proper,4/26/2022,4/27/2022
,Kandy Proper,4/27/2022,4/28/2022
,Kandy Proper,4/28/2022,4/29/2022
,Kandy Proper,4/29/2022,4/30/2022
0.000144751,Kandy Proper,4/30/2022,5/1/2022
0.000106295,Kandy Proper,5/1/2022,5/2/2022
0.000200548,Kandy Proper,5/2/2022,5/3/2022
,Kandy Proper,5/3/2022,5/4/2022
0.000134689,Kandy Proper,5/4/2022,5/5/2022
,Kandy Proper,5/5/2022,5/6/2022
0.000218718,Kandy Proper,5/6/2022,5/7/2022
0.000162339,Kandy Proper,5/7/2022,5/8/2022
,Kandy Proper,5/8/2022,5/9/2022
,Kandy Proper,5/9/2022,5/10/2022
,Kandy Proper,5/10/2022,5/11/2022
,Kandy Proper,5/11/2022,5/12/2022
3.24E-06,Kandy Proper,5/12/2022,5/13/2022
,Kandy Proper,5/13/2022,5/14/2022
,Kandy Proper,5/14/2022,5/15/2022
,Kandy Proper,5/15/2022,5/16/2022
,Kandy Proper,5/16/2022,5/17/2022
,Kandy Proper,5/17/2022,5/18/2022
,Kandy Proper,5/18/2022,5/19/2022
,Kandy Proper,5/19/2022,5/20/2022
-0.000109531,Kandy Proper,5/20/2022,5/21/2022
,Kandy Proper,5/21/2022,5/22/2022
0.000119998,Kandy Proper,5/22/2022,5/23/2022
0.000170459,Kandy Proper,5/23/2022,5/24/2022
,Kandy Proper,5/24/2022,5/25/2022
,Kandy Proper,5/25/2022,5/26/2022
6.73E-05,Kandy Proper,5/26/2022,5/27/2022
8.33E-05,Kandy Proper,5/27/2022,5/28/2022
,Kandy Proper,5/28/2022,5/29/2022
,Kandy Proper,5/29/2022,5/30/2022
,Kandy Proper,5/30/2022,5/31/2022
,Kandy Proper,5/31/2022,6/1/2022
,Kandy Proper,6/1/2022,6/2/2022
3.76E-05,Kandy Proper,6/2/2022,6/3/2022
0.000131712,Kandy Proper,6/3/2022,6/4/2022
,Kandy Proper,6/4/2022,6/5/2022
8.52E-05,Kandy Proper,6/5/2022,6/6/2022
,Kandy Proper,6/6/2022,6/7/2022
,Kandy Proper,6/7/2022,6/8/2022
9.54E-05,Kandy Proper,6/8/2022,6/9/2022
,Kandy Proper,6/9/2022,6/10/2022
-1.49E-05,Kandy Proper,6/10/2022,6/11/2022
,Kandy Proper,6/11/2022,6/12/2022
,Kandy Proper,6/12/2022,6/13/2022
9.90E-05,Kandy Proper,6/13/2022,6/14/2022
0.000101152,Kandy Proper,6/14/2022,6/15/2022
,Kandy Proper,6/15/2022,6/16/2022
,Kandy Proper,6/16/2022,6/17/2022
0.000299499,Kandy Proper,6/17/2022,6/18/2022
0.000120389,Kandy Proper,6/18/2022,6/19/2022
0.000164818,Kandy Proper,6/19/2022,6/20/2022
,Kandy Proper,6/20/2022,6/21/2022
0.000101378,Kandy Proper,6/21/2022,6/22/2022
,Kandy Proper,6/22/2022,6/23/2022
,Kandy Proper,6/23/2022,6/24/2022
,Kandy Proper,6/24/2022,6/25/2022
1.49E-05,Kandy Proper,6/25/2022,6/26/2022
7.06E-05,Kandy Proper,6/26/2022,6/27/2022
3.02E-05,Kandy Proper,6/27/2022,6/28/2022
0.000124207,Kandy Proper,6/28/2022,6/29/2022
5.74E-05,Kandy Proper,6/29/2022,6/30/2022
,Kandy Proper,6/30/2022,7/1/2022
3.80E-05,Kandy Proper,7/1/2022,7/2/2022
7.67E-05,Kandy Proper,7/2/2022,7/3/2022
,Kandy Proper,7/3/2022,7/4/2022
,Kandy Proper,7/4/2022,7/5/2022
,Kandy Proper,7/5/2022,7/6/2022
,Kandy Proper,7/6/2022,7/7/2022
,Kandy Proper,7/7/2022,7/8/2022
2.51E-05,Kandy Proper,7/8/2022,7/9/2022
,Kandy Proper,7/9/2022,7/10/2022
,Kandy Proper,7/10/2022,7/11/2022
,Kandy Proper,7/11/2022,7/12/2022
,Kandy Proper,7/12/2022,7/13/2022
,Kandy Proper,7/13/2022,7/14/2022
,Kandy Proper,7/14/2022,7/15/2022
,Kandy Proper,7/15/2022,7/16/2022
,Kandy Proper,7/16/2022,7/17/2022
,Kandy Proper,7/17/2022,7/18/2022
,Kandy Proper,7/18/2022,7/19/2022
,Kandy Proper,7/19/2022,7/20/2022
8.74E-05,Kandy Proper,7/20/2022,7/21/2022
,Kandy Proper,7/21/2022,7/22/2022
,Kandy Proper,7/22/2022,7/23/2022
,Kandy Proper,7/23/2022,7/24/2022
,Kandy Proper,7/24/2022,7/25/2022
0.000182748,Kandy Proper,7/25/2022,7/26/2022
0.000229668,Kandy Proper,7/26/2022,7/27/2022
,Kandy Proper,7/27/2022,7/28/2022
,Kandy Proper,7/28/2022,7/29/2022
,Kandy Proper,7/29/2022,7/30/2022
5.99E-05,Kandy Proper,7/30/2022,7/31/2022
5.26E-05,Kandy Proper,7/31/2022,8/1/2022
,Kandy Proper,8/1/2022,8/2/2022
,Kandy Proper,8/2/2022,8/3/2022
,Kandy Proper,8/3/2022,8/4/2022
,Kandy Proper,8/4/2022,8/5/2022
,Kandy Proper,8/5/2022,8/6/2022
,Kandy Proper,8/6/2022,8/7/2022
,Kandy Proper,8/7/2022,8/8/2022
,Kandy Proper,8/8/2022,8/9/2022
,Kandy Proper,8/9/2022,8/10/2022
6.90E-05,Kandy Proper,8/10/2022,8/11/2022
0.000143051,Kandy Proper,8/11/2022,8/12/2022
,Kandy Proper,8/12/2022,8/13/2022
6.36E-05,Kandy Proper,8/13/2022,8/14/2022
0.000122201,Kandy Proper,8/14/2022,8/15/2022
-6.56E-06,Kandy Proper,8/15/2022,8/16/2022
,Kandy Proper,8/16/2022,8/17/2022
0.000158312,Kandy Proper,8/17/2022,8/18/2022
8.00E-05,Kandy Proper,8/18/2022,8/19/2022
6.48E-05,Kandy Proper,8/19/2022,8/20/2022
0.000135162,Kandy Proper,8/20/2022,8/21/2022
0.000127555,Kandy Proper,8/21/2022,8/22/2022
,Kandy Proper,8/22/2022,8/23/2022
,Kandy Proper,8/23/2022,8/24/2022
,Kandy Proper,8/24/2022,8/25/2022
,Kandy Proper,8/25/2022,8/26/2022
,Kandy Proper,8/26/2022,8/27/2022
,Kandy Proper,8/27/2022,8/28/2022
,Kandy Proper,8/28/2022,8/29/2022
,Kandy Proper,8/29/2022,8/30/2022
,Kandy Proper,8/30/2022,8/31/2022
,Kandy Proper,8/31/2022,9/1/2022
,Kandy Proper,9/1/2022,9/2/2022
1.46E-05,Kandy Proper,9/2/2022,9/3/2022
,Kandy Proper,9/3/2022,9/4/2022
5.92E-05,Kandy Proper,9/4/2022,9/5/2022
,Kandy Proper,9/5/2022,9/6/2022
,Kandy Proper,9/6/2022,9/7/2022
,Kandy Proper,9/7/2022,9/8/2022
,Kandy Proper,9/8/2022,9/9/2022
,Kandy Proper,9/9/2022,9/10/2022
9.49E-05,Kandy Proper,9/10/2022,9/11/2022
5.65E-05,Kandy Proper,9/11/2022,9/12/2022
0.000112078,Kandy Proper,9/12/2022,9/13/2022
0.0001441,Kandy Proper,9/13/2022,9/14/2022
5.54E-05,Kandy Proper,9/14/2022,9/15/2022
8.11E-05,Kandy Proper,9/15/2022,9/16/2022
0.000103683,Kandy Proper,9/16/2022,9/17/2022
0.000108319,Kandy Proper,9/17/2022,9/18/2022
8.66E-05,Kandy Proper,9/18/2022,9/19/2022
,Kandy Proper,9/19/2022,9/20/2022
,Kandy Proper,9/20/2022,9/21/2022
2.72E-05,Kandy Proper,9/21/2022,9/22/2022
0.000185929,Kandy Proper,9/22/2022,9/23/2022
-4.21E-05,Kandy Proper,9/23/2022,9/24/2022
4.46E-05,Kandy Proper,9/24/2022,9/25/2022
8.62E-05,Kandy Proper,9/25/2022,9/26/2022
3.17E-05,Kandy Proper,9/26/2022,9/27/2022
0.000179428,Kandy Proper,9/27/2022,9/28/2022
5.40E-05,Kandy Proper,9/28/2022,9/29/2022
,Kandy Proper,9/29/2022,9/30/2022
,Kandy Proper,9/30/2022,10/1/2022
,Kandy Proper,10/1/2022,10/2/2022
,Kandy Proper,10/2/2022,10/3/2022
,Kandy Proper,10/3/2022,10/4/2022
0.000187244,Kandy Proper,10/4/2022,10/5/2022
,Kandy Proper,10/5/2022,10/6/2022
,Kandy Proper,10/6/2022,10/7/2022
,Kandy Proper,10/7/2022,10/8/2022
0.000263822,Kandy Proper,10/8/2022,10/9/2022
,Kandy Proper,10/9/2022,10/10/2022
,Kandy Proper,10/10/2022,10/11/2022
,Kandy Proper,10/11/2022,10/12/2022
,Kandy Proper,10/12/2022,10/13/2022
,Kandy Proper,10/13/2022,10/14/2022
,Kandy Proper,10/14/2022,10/15/2022
,Kandy Proper,10/15/2022,10/16/2022
0.000152896,Kandy Proper,10/16/2022,10/17/2022
,Kandy Proper,10/17/2022,10/18/2022
,Kandy Proper,10/18/2022,10/19/2022
,Kandy Proper,10/19/2022,10/20/2022
,Kandy Proper,10/20/2022,10/21/2022
,Kandy Proper,10/21/2022,10/22/2022
,Kandy Proper,10/22/2022,10/23/2022
,Kandy Proper,10/23/2022,10/24/2022
6.77E-05,Kandy Proper,10/24/2022,10/25/2022
,Kandy Proper,10/25/2022,10/26/2022
,Kandy Proper,10/26/2022,10/27/2022
,Kandy Proper,10/27/2022,10/28/2022
0.000112525,Kandy Proper,10/28/2022,10/29/2022
0.000133902,Kandy Proper,10/29/2022,10/30/2022
,Kandy Proper,10/30/2022,10/31/2022
-1.73E-05,Kandy Proper,10/31/2022,11/1/2022
,Kandy Proper,11/1/2022,11/2/2022
,Kandy Proper,11/2/2022,11/3/2022
,Kandy Proper,11/3/2022,11/4/2022
0.000105087,Kandy Proper,11/4/2022,11/5/2022
,Kandy Proper,11/5/2022,11/6/2022
1.74E-05,Kandy Proper,11/6/2022,11/7/2022
0.000150167,Kandy Proper,11/7/2022,11/8/2022
,Kandy Proper,11/8/2022,11/9/2022
,Kandy Proper,11/9/2022,11/10/2022
,Kandy Proper,11/10/2022,11/11/2022
,Kandy Proper,11/11/2022,11/12/2022
,Kandy Proper,11/12/2022,11/13/2022
,Kandy Proper,11/13/2022,11/14/2022
,Kandy Proper,11/14/2022,11/15/2022
,Kandy Proper,11/15/2022,11/16/2022
-4.85E-06,Kandy Proper,11/16/2022,11/17/2022
0.000261376,Kandy Proper,11/17/2022,11/18/2022
0.000121759,Kandy Proper,11/18/2022,11/19/2022
,Kandy Proper,11/19/2022,11/20/2022
0.000236709,Kandy Proper,11/20/2022,11/21/2022
0.000157606,Kandy Proper,11/21/2022,11/22/2022
2.61E-05,Kandy Proper,11/22/2022,11/23/2022
5.02E-05,Kandy Proper,11/23/2022,11/24/2022
0.000155041,Kandy Proper,11/24/2022,11/25/2022
0.000144313,Kandy Proper,11/25/2022,11/26/2022
0.000169489,Kandy Proper,11/26/2022,11/27/2022
5.86E-05,Kandy Proper,11/27/2022,11/28/2022
8.85E-05,Kandy Proper,11/28/2022,11/29/2022
0.000147357,Kandy Proper,11/29/2022,11/30/2022
0.000148066,Kandy Proper,11/30/2022,12/1/2022
0.000179628,Kandy Proper,12/1/2022,12/2/2022
0.000184763,Kandy Proper,12/2/2022,12/3/2022
,Kandy Proper,12/3/2022,12/4/2022
,Kandy Proper,12/4/2022,12/5/2022
,Kandy Proper,12/5/2022,12/6/2022
,Kandy Proper,12/6/2022,12/7/2022
,Kandy Proper,12/7/2022,12/8/2022
,Kandy Proper,12/8/2022,12/9/2022
,Kandy Proper,12/9/2022,12/10/2022
,Kandy Proper,12/10/2022,12/11/2022
0.000267719,Kandy Proper,12/11/2022,12/12/2022
,Kandy Proper,12/12/2022,12/13/2022
4.86E-05,Kandy Proper,12/13/2022,12/14/2022
,Kandy Proper,12/14/2022,12/15/2022
1.39E-05,Kandy Proper,12/15/2022,12/16/2022
,Kandy Proper,12/16/2022,12/17/2022
,Kandy Proper,12/17/2022,12/18/2022
,Kandy Proper,12/18/2022,12/19/2022
,Kandy Proper,12/19/2022,12/20/2022
,Kandy Proper,12/20/2022,12/21/2022
,Kandy Proper,12/21/2022,12/22/2022
,Kandy Proper,12/22/2022,12/23/2022
,Kandy Proper,12/23/2022,12/24/2022
,Kandy Proper,12/24/2022,12/25/2022
,Kandy Proper,12/25/2022,12/26/2022
,Kandy Proper,12/26/2022,12/27/2022
6.89E-05,Kandy Proper,12/27/2022,12/28/2022
-5.46E-05,Kandy Proper,12/28/2022,12/29/2022
1.94E-05,Kandy Proper,12/29/2022,12/30/2022
1.67E-06,Kandy Proper,12/30/2022,12/31/2022
0.000218691,Kandy Proper,12/31/2022,1/1/2023
-2.36E-05,Kandy Proper,1/1/2023,1/2/2023
-1.40E-05,Kandy Proper,1/2/2023,1/3/2023
0.000112702,Kandy Proper,1/3/2023,1/4/2023
-1.57E-05,Kandy Proper,1/4/2023,1/5/2023
1.91E-05,Kandy Proper,1/5/2023,1/6/2023
4.19E-06,Kandy Proper,1/6/2023,1/7/2023
,Kandy Proper,1/7/2023,1/8/2023
,Kandy Proper,1/8/2023,1/9/2023
5.37E-05,Kandy Proper,1/9/2023,1/10/2023
5.81E-05,Kandy Proper,1/10/2023,1/11/2023
0.000230035,Kandy Proper,1/11/2023,1/12/2023
0.000404818,Kandy Proper,1/12/2023,1/13/2023
0.000284604,Kandy Proper,1/13/2023,1/14/2023
-9.64E-05,Kandy Proper,1/14/2023,1/15/2023
,Kandy Proper,1/15/2023,1/16/2023
-8.70E-06,Kandy Proper,1/16/2023,1/17/2023
,Kandy Proper,1/17/2023,1/18/2023
4.64E-05,Kandy Proper,1/18/2023,1/19/2023
-3.44E-05,Kandy Proper,1/19/2023,1/20/2023
6.50E-05,Kandy Proper,1/20/2023,1/21/2023
,Kandy Proper,1/21/2023,1/22/2023
,Kandy Proper,1/22/2023,1/23/2023
,Kandy Proper,1/23/2023,1/24/2023
,Kandy Proper,1/24/2023,1/25/2023
5.81E-05,Kandy Proper,1/25/2023,1/26/2023
,Kandy Proper,1/26/2023,1/27/2023
,Kandy Proper,1/27/2023,1/28/2023
7.62E-05,Kandy Proper,1/28/2023,1/29/2023
0.000152714,Kandy Proper,1/29/2023,1/30/2023
,Kandy Proper,1/30/2023,1/31/2023
,Kandy Proper,1/31/2023,2/1/2023
,Kandy Proper,2/1/2023,2/2/2023
,Kandy Proper,2/2/2023,2/3/2023
,Kandy Proper,2/3/2023,2/4/2023
,Kandy Proper,2/4/2023,2/5/2023
-5.83E-05,Kandy Proper,2/5/2023,2/6/2023
,Kandy Proper,2/6/2023,2/7/2023
,Kandy Proper,2/7/2023,2/8/2023
-0.000105057,Kandy Proper,2/8/2023,2/9/2023
2.66E-05,Kandy Proper,2/9/2023,2/10/2023
,Kandy Proper,2/10/2023,2/11/2023
0.000179386,Kandy Proper,2/11/2023,2/12/2023
0.000117014,Kandy Proper,2/12/2023,2/13/2023
0.000276239,Kandy Proper,2/13/2023,2/14/2023
0.000184929,Kandy Proper,2/14/2023,2/15/2023
0.000130936,Kandy Proper,2/15/2023,2/16/2023
2.41E-05,Kandy Proper,2/16/2023,2/17/2023
0.000121114,Kandy Proper,2/17/2023,2/18/2023
1.92E-05,Kandy Proper,2/18/2023,2/19/2023
,Kandy Proper,2/19/2023,2/20/2023
,Kandy Proper,2/20/2023,2/21/2023
,Kandy Proper,2/21/2023,2/22/2023
0.000167833,Kandy Proper,2/22/2023,2/23/2023
5.44E-05,Kandy Proper,2/23/2023,2/24/2023
0.00014204,Kandy Proper,2/24/2023,2/25/2023
-5.31E-05,Kandy Proper,2/25/2023,2/26/2023
0.000220743,Kandy Proper,2/26/2023,2/27/2023
,Kandy Proper,2/27/2023,2/28/2023
,Kandy Proper,2/28/2023,3/1/2023
,Kandy Proper,3/1/2023,3/2/2023
0.000295697,Kandy Proper,3/2/2023,3/3/2023
,Kandy Proper,3/3/2023,3/4/2023
,Kandy Proper,3/4/2023,3/5/2023
0.000320067,Kandy Proper,3/5/2023,3/6/2023
0.000300154,Kandy Proper,3/6/2023,3/7/2023
0.000111544,Kandy Proper,3/7/2023,3/8/2023
7.35E-05,Kandy Proper,3/8/2023,3/9/2023
0.000153742,Kandy Proper,3/9/2023,3/10/2023
,Kandy Proper,3/10/2023,3/11/2023
0.000183386,Kandy Proper,3/11/2023,3/12/2023
-9.30E-05,Kandy Proper,3/12/2023,3/13/2023
0.000127512,Kandy Proper,3/13/2023,3/14/2023
0.000207345,Kandy Proper,3/14/2023,3/15/2023
,Kandy Proper,3/15/2023,3/16/2023
0.00016775,Kandy Proper,3/16/2023,3/17/2023
0.000105913,Kandy Proper,3/17/2023,3/18/2023
0.000135257,Kandy Proper,3/18/2023,3/19/2023
2.94E-05,Kandy Proper,3/19/2023,3/20/2023
,Kandy Proper,3/20/2023,3/21/2023
0.000216014,Kandy Proper,3/21/2023,3/22/2023
8.89E-05,Kandy Proper,3/22/2023,3/23/2023
4.11E-05,Kandy Proper,3/23/2023,3/24/2023
0.000195648,Kandy Proper,3/24/2023,3/25/2023
0.000225596,Kandy Proper,3/25/2023,3/26/2023
2.81E-05,Kandy Proper,3/26/2023,3/27/2023
0.000129957,Kandy Proper,3/27/2023,3/28/2023
0.000262965,Kandy Proper,3/28/2023,3/29/2023
0.000234967,Kandy Proper,3/29/2023,3/30/2023
8.40E-05,Kandy Proper,3/30/2023,3/31/2023
8.75E-05,Kandy Proper,3/31/2023,4/1/2023
7.11E-05,Kandy Proper,4/1/2023,4/2/2023
,Kandy Proper,4/2/2023,4/3/2023
2.71E-05,Kandy Proper,4/3/2023,4/4/2023
,Kandy Proper,4/4/2023,4/5/2023
9.31E-05,Kandy Proper,4/5/2023,4/6/2023
4.86E-05,Kandy Proper,4/6/2023,4/7/2023
0.00015959,Kandy Proper,4/7/2023,4/8/2023
,Kandy Proper,4/8/2023,4/9/2023
0.000117318,Kandy Proper,4/9/2023,4/10/2023
0.000112753,Kandy Proper,4/10/2023,4/11/2023
7.50E-05,Kandy Proper,4/11/2023,4/12/2023
0.000145362,Kandy Proper,4/12/2023,4/13/2023
9.69E-05,Kandy Proper,4/13/2023,4/14/2023
7.86E-05,Kandy Proper,4/14/2023,4/15/2023
,Kandy Proper,4/15/2023,4/16/2023
,Kandy Proper,4/16/2023,4/17/2023
0.000162744,Kandy Proper,4/17/2023,4/18/2023
5.34E-05,Kandy Proper,4/18/2023,4/19/2023
9.02E-05,Kandy Proper,4/19/2023,4/20/2023
8.50E-05,Kandy Proper,4/20/2023,4/21/2023
,Kandy Proper,4/21/2023,4/22/2023
,Kandy Proper,4/22/2023,4/23/2023
0.000184739,Kandy Proper,4/23/2023,4/24/2023
0.000165633,Kandy Proper,4/24/2023,4/25/2023
2.99E-05,Kandy Proper,4/25/2023,4/26/2023
,Kandy Proper,4/26/2023,4/27/2023
0.000142133,Kandy Proper,4/27/2023,4/28/2023
4.32E-05,Kandy Proper,4/28/2023,4/29/2023
,Kandy Proper,4/29/2023,4/30/2023
,Kandy Proper,4/30/2023,5/1/2023
,Kandy Proper,5/1/2023,5/2/2023
0.000193976,Kandy Proper,5/2/2023,5/3/2023
0.000144722,Kandy Proper,5/3/2023,5/4/2023
0.000124839,Kandy Proper,5/4/2023,5/5/2023
,Kandy Proper,5/5/2023,5/6/2023
,Kandy Proper,5/6/2023,5/7/2023
,Kandy Proper,5/7/2023,5/8/2023
0.000148095,Kandy Proper,5/8/2023,5/9/2023
,Kandy Proper,5/9/2023,5/10/2023
,Kandy Proper,5/10/2023,5/11/2023
,Kandy Proper,5/11/2023,5/12/2023
5.13E-05,Kandy Proper,5/12/2023,5/13/2023
0.000125757,Kandy Proper,5/13/2023,5/14/2023
,Kandy Proper,5/14/2023,5/15/2023
0.000165328,Kandy Proper,5/15/2023,5/16/2023
9.44E-05,Kandy Proper,5/16/2023,5/17/2023
0.00012759,Kandy Proper,5/17/2023,5/18/2023
,Kandy Proper,5/18/2023,5/19/2023
0.000169827,Kandy Proper,5/19/2023,5/20/2023
0.000225354,Kandy Proper,5/20/2023,5/21/2023
0.000172288,Kandy Proper,5/21/2023,5/22/2023
-2.40E-06,Kandy Proper,5/22/2023,5/23/2023
0.000117433,Kandy Proper,5/23/2023,5/24/2023
0.00016999,Kandy Proper,5/24/2023,5/25/2023
0.000133895,Kandy Proper,5/25/2023,5/26/2023
0.000214385,Kandy Proper,5/26/2023,5/27/2023
0.000170396,Kandy Proper,5/27/2023,5/28/2023
0.000157816,Kandy Proper,5/28/2023,5/29/2023
7.96E-05,Kandy Proper,5/29/2023,5/30/2023
0.000125979,Kandy Proper,5/30/2023,5/31/2023
0.00019428,Kandy Proper,5/31/2023,6/1/2023
0.000177619,Kandy Proper,6/1/2023,6/2/2023
,Kandy Proper,6/2/2023,6/3/2023
0.00015886,Kandy Proper,6/3/2023,6/4/2023
7.18E-05,Kandy Proper,6/4/2023,6/5/2023
0.00022131,Kandy Proper,6/5/2023,6/6/2023
0.000145711,Kandy Proper,6/6/2023,6/7/2023
,Kandy Proper,6/7/2023,6/8/2023
,Kandy Proper,6/8/2023,6/9/2023
-1.07E-06,Kandy Proper,6/9/2023,6/10/2023
7.82E-05,Kandy Proper,6/10/2023,6/11/2023
,Kandy Proper,6/11/2023,6/12/2023
,Kandy Proper,6/12/2023,6/13/2023
4.84E-05,Kandy Proper,6/13/2023,6/14/2023
,Kandy Proper,6/14/2023,6/15/2023
0.000118012,Kandy Proper,6/15/2023,6/16/2023
9.65E-05,Kandy Proper,6/16/2023,6/17/2023
0.000119606,Kandy Proper,6/17/2023,6/18/2023
,Kandy Proper,6/18/2023,6/19/2023
5.34E-05,Kandy Proper,6/19/2023,6/20/2023
6.29E-05,Kandy Proper,6/20/2023,6/21/2023
0.000156175,Kandy Proper,6/21/2023,6/22/2023
8.79E-05,Kandy Proper,6/22/2023,6/23/2023
,Kandy Proper,6/23/2023,6/24/2023
4.16E-05,Kandy Proper,6/24/2023,6/25/2023
,Kandy Proper,6/25/2023,6/26/2023
0.000132705,Kandy Proper,6/26/2023,6/27/2023
,Kandy Proper,6/27/2023,6/28/2023
,Kandy Proper,6/28/2023,6/29/2023
,Kandy Proper,6/29/2023,6/30/2023
,Kandy Proper,6/30/2023,7/1/2023
0.000122716,Kandy Proper,7/1/2023,7/2/2023
,Kandy Proper,7/2/2023,7/3/2023
,Kandy Proper,7/3/2023,7/4/2023
,Kandy Proper,7/4/2023,7/5/2023
,Kandy Proper,7/5/2023,7/6/2023
,Kandy Proper,7/6/2023,7/7/2023
,Kandy Proper,7/7/2023,7/8/2023
0.000121465,Kandy Proper,7/8/2023,7/9/2023
0.000180801,Kandy Proper,7/9/2023,7/10/2023
,Kandy Proper,7/10/2023,7/11/2023
-2.34E-05,Kandy Proper,7/11/2023,7/12/2023
0.000110942,Kandy Proper,7/12/2023,7/13/2023
0.000162549,Kandy Proper,7/13/2023,7/14/2023
,Kandy Proper,7/14/2023,7/15/2023
1.59E-05,Kandy Proper,7/15/2023,7/16/2023
1.98E-05,Kandy Proper,7/16/2023,7/17/2023
5.94E-05,Kandy Proper,7/17/2023,7/18/2023
6.62E-05,Kandy Proper,7/18/2023,7/19/2023
-6.67E-07,Kandy Proper,7/19/2023,7/20/2023
3.35E-05,Kandy Proper,7/20/2023,7/21/2023
2.49E-05,Kandy Proper,7/21/2023,7/22/2023
3.46E-05,Kandy Proper,7/22/2023,7/23/2023
0.00010402,Kandy Proper,7/23/2023,7/24/2023
,Kandy Proper,7/24/2023,7/25/2023
,Kandy Proper,7/25/2023,7/26/2023
,Kandy Proper,7/26/2023,7/27/2023
0.00012913,Kandy Proper,7/27/2023,7/28/2023
0.000156664,Kandy Proper,7/28/2023,7/29/2023
0.000127177,Kandy Proper,7/29/2023,7/30/2023
0.000107728,Kandy Proper,7/30/2023,7/31/2023
0.000108995,Kandy Proper,7/31/2023,8/1/2023
9.77E-05,Kandy Proper,8/1/2023,8/2/2023
0.000126645,Kandy Proper,8/2/2023,8/3/2023
6.16E-05,Kandy Proper,8/3/2023,8/4/2023
9.27E-05,Kandy Proper,8/4/2023,8/5/2023
0.000249417,Kandy Proper,8/5/2023,8/6/2023
0.000209797,Kandy Proper,8/6/2023,8/7/2023
0.000135929,Kandy Proper,8/7/2023,8/8/2023
0.000141321,Kandy Proper,8/8/2023,8/9/2023
8.70E-05,Kandy Proper,8/9/2023,8/10/2023
0.00010534,Kandy Proper,8/10/2023,8/11/2023
0.000148953,Kandy Proper,8/11/2023,8/12/2023
,Kandy Proper,8/12/2023,8/13/2023
0.000135427,Kandy Proper,8/13/2023,8/14/2023
-3.92E-06,Kandy Proper,8/14/2023,8/15/2023
0.000124663,Kandy Proper,8/15/2023,8/16/2023
6.86E-05,Kandy Proper,8/16/2023,8/17/2023
6.19E-05,Kandy Proper,8/17/2023,8/18/2023
0.000108939,Kandy Proper,8/18/2023,8/19/2023
0.000158323,Kandy Proper,8/19/2023,8/20/2023
0.000123787,Kandy Proper,8/20/2023,8/21/2023
0.000153266,Kandy Proper,8/21/2023,8/22/2023
0.000107892,Kandy Proper,8/22/2023,8/23/2023
7.36E-05,Kandy Proper,8/23/2023,8/24/2023
0.00014243,Kandy Proper,8/24/2023,8/25/2023
7.17E-05,Kandy Proper,8/25/2023,8/26/2023
8.40E-05,Kandy Proper,8/26/2023,8/27/2023
0.000111633,Kandy Proper,8/27/2023,8/28/2023
5.83E-05,Kandy Proper,8/28/2023,8/29/2023
,Kandy Proper,8/29/2023,8/30/2023
,Kandy Proper,8/30/2023,8/31/2023
,Kandy Proper,8/31/2023,9/1/2023
,Kandy Proper,9/1/2023,9/2/2023
,Kandy Proper,9/2/2023,9/3/2023
,Kandy Proper,9/3/2023,9/4/2023
,Kandy Proper,9/4/2023,9/5/2023
,Kandy Proper,9/5/2023,9/6/2023
,Kandy Proper,9/6/2023,9/7/2023
,Kandy Proper,9/7/2023,9/8/2023
,Kandy Proper,9/8/2023,9/9/2023
,Kandy Proper,9/9/2023,9/10/2023
,Kandy Proper,9/10/2023,9/11/2023
,Kandy Proper,9/11/2023,9/12/2023
,Kandy Proper,9/12/2023,9/13/2023
2.71E-05,Kandy Proper,9/13/2023,9/14/2023
,Kandy Proper,9/14/2023,9/15/2023
0.000167918,Kandy Proper,9/15/2023,9/16/2023
,Kandy Proper,9/16/2023,9/17/2023
,Kandy Proper,9/17/2023,9/18/2023
,Kandy Proper,9/18/2023,9/19/2023
,Kandy Proper,9/19/2023,9/20/2023
0.000145573,Kandy Proper,9/20/2023,9/21/2023
8.04E-05,Kandy Proper,9/21/2023,9/22/2023
,Kandy Proper,9/22/2023,9/23/2023
,Kandy Proper,9/23/2023,9/24/2023
0.000126143,Kandy Proper,9/24/2023,9/25/2023
,Kandy Proper,9/25/2023,9/26/2023
,Kandy Proper,9/26/2023,9/27/2023
,Kandy Proper,9/27/2023,9/28/2023
,Kandy Proper,9/28/2023,9/29/2023
,Kandy Proper,9/29/2023,9/30/2023
,Kandy Proper,9/30/2023,10/1/2023
0.000169609,Kandy Proper,10/1/2023,10/2/2023
,Kandy Proper,10/2/2023,10/3/2023
,Kandy Proper,10/3/2023,10/4/2023
,Kandy Proper,10/4/2023,10/5/2023
,Kandy Proper,10/5/2023,10/6/2023
1.59E-05,Kandy Proper,10/6/2023,10/7/2023
-1.91E-05,Kandy Proper,10/7/2023,10/8/2023
,Kandy Proper,10/8/2023,10/9/2023
,Kandy Proper,10/9/2023,10/10/2023
0.000147102,Kandy Proper,10/10/2023,10/11/2023
,Kandy Proper,10/11/2023,10/12/2023
,Kandy Proper,10/12/2023,10/13/2023
,Kandy Proper,10/13/2023,10/14/2023
,Kandy Proper,10/14/2023,10/15/2023
,Kandy Proper,10/15/2023,10/16/2023
2.05E-05,Kandy Proper,10/16/2023,10/17/2023
,Kandy Proper,10/17/2023,10/18/2023
,Kandy Proper,10/18/2023,10/19/2023
,Kandy Proper,10/19/2023,10/20/2023
,Kandy Proper,10/20/2023,10/21/2023
-0.000299703,Kandy Proper,10/21/2023,10/22/2023
,Kandy Proper,10/22/2023,10/23/2023
,Kandy Proper,10/23/2023,10/24/2023
,Kandy Proper,10/24/2023,10/25/2023
,Kandy Proper,10/25/2023,10/26/2023
0.000168493,Kandy Proper,10/26/2023,10/27/2023
0.000143746,Kandy Proper,10/27/2023,10/28/2023
2.57E-05,Kandy Proper,10/28/2023,10/29/2023
5.33E-05,Kandy Proper,10/29/2023,10/30/2023
,Kandy Proper,10/30/2023,10/31/2023
,Kandy Proper,10/31/2023,11/1/2023
0.000202815,Kandy Proper,11/1/2023,11/2/2023
,Kandy Proper,11/2/2023,11/3/2023
,Kandy Proper,11/3/2023,11/4/2023
,Kandy Proper,11/4/2023,11/5/2023
,Kandy Proper,11/5/2023,11/6/2023
0.000126053,Kandy Proper,11/6/2023,11/7/2023
0.00024464,Kandy Proper,11/7/2023,11/8/2023
0.000124854,Kandy Proper,11/8/2023,11/9/2023
,Kandy Proper,11/9/2023,11/10/2023
7.51E-06,Kandy Proper,11/10/2023,11/11/2023
3.85E-05,Kandy Proper,11/11/2023,11/12/2023
,Kandy Proper,11/12/2023,11/13/2023
,Kandy Proper,11/13/2023,11/14/2023
,Kandy Proper,11/14/2023,11/15/2023
,Kandy Proper,11/15/2023,11/16/2023
0.000190684,Kandy Proper,11/16/2023,11/17/2023
0.000135312,Kandy Proper,11/17/2023,11/18/2023
,Kandy Proper,11/18/2023,11/19/2023
,Kandy Proper,11/19/2023,11/20/2023
0.000262056,Kandy Proper,11/20/2023,11/21/2023
,Kandy Proper,11/21/2023,11/22/2023
,Kandy Proper,11/22/2023,11/23/2023
0.000144498,Kandy Proper,11/23/2023,11/24/2023
,Kandy Proper,11/24/2023,11/25/2023
7.28E-06,Kandy Proper,11/25/2023,11/26/2023
,Kandy Proper,11/26/2023,11/27/2023
,Kandy Proper,11/27/2023,11/28/2023
,Kandy Proper,11/28/2023,11/29/2023
,Kandy Proper,11/29/2023,11/30/2023
,Kandy Proper,11/30/2023,12/1/2023
,Kandy Proper,12/1/2023,12/2/2023
,Kandy Proper,12/2/2023,12/3/2023
,Kandy Proper,12/3/2023,12/4/2023
,Kandy Proper,12/4/2023,12/5/2023
,Kandy Proper,12/5/2023,12/6/2023
7.42E-05,Kandy Proper,12/6/2023,12/7/2023
0.000115811,Kandy Proper,12/7/2023,12/8/2023
-9.04E-05,Kandy Proper,12/8/2023,12/9/2023
,Kandy Proper,12/9/2023,12/10/2023
,Kandy Proper,12/10/2023,12/11/2023
0.000261144,Kandy Proper,12/11/2023,12/12/2023
,Kandy Proper,12/12/2023,12/13/2023
-2.97E-05,Kandy Proper,12/13/2023,12/14/2023
,Kandy Proper,12/14/2023,12/15/2023
,Kandy Proper,12/15/2023,12/16/2023
,Kandy Proper,12/16/2023,12/17/2023
-3.54E-05,Kandy Proper,12/17/2023,12/18/2023
,Kandy Proper,12/18/2023,12/19/2023
,Kandy Proper,12/19/2023,12/20/2023
,Kandy Proper,12/20/2023,12/21/2023
0.000113864,Kandy Proper,12/21/2023,12/22/2023
-6.90E-06,Kandy Proper,12/22/2023,12/23/2023
0.000116311,Kandy Proper,12/23/2023,12/24/2023
,Kandy Proper,12/24/2023,12/25/2023
,Kandy Proper,12/25/2023,12/26/2023
,Kandy Proper,12/26/2023,12/27/2023
,Kandy Proper,12/27/2023,12/28/2023
,Kandy Proper,12/28/2023,12/29/2023
,Kandy Proper,12/29/2023,12/30/2023
5.59E-05,Kandy Proper,12/30/2023,12/31/2023
,Kandy Proper,12/31/2023,1/1/2024
